pdf_filename,nanomaterial_types,nanomaterial_names,primary_nanomaterial,primary_nano_type,particle_size_nm,particle_size_range,zeta_potential_mV,pzc_value,tumor_types,primary_tumor_type,injection_methods,primary_injection_method,injection_dose_mg_kg,injection_frequency,ultrasound_frequency_MHz,ultrasound_power_W_cm2,treatment_time_min,treatment_sessions,ros_generation,cell_viability_percent,cell_death_percent,tumor_volume_mm3,has_size_data,has_zeta_data,has_ultrasound_data,has_ros_data,has_viability_data,has_volume_data,data_completeness_score
An ATP-responsive ZIF-based NIR fluorescence nanosystem for enhanced chemo-photodynamic therapy of tumors.pdf,nanocrystal,,,nanocrystal,,,,,,,"intravenous, intraperitoneal, intratumoral, subcutaneous, intramuscular, intracardiac, intradermal",intravenous,,,,,22.90909090909091,,,,,,no,no,yes,no,no,no,1
Ultrasmall Barium Titanate Nanoparticles for Highly Efficient Hypoxic Tumor Therapy via Ultrasound Triggered Piezocatalysis and Water Splitting.pdf,"nanoparticle, nanorod, nanotube, nanocrystal","MnO2, RuS",MnO2,nanoparticle,,,,,,,"intravenous, intratumoral, subcutaneous, intramuscular, intracardiac, intradermal",intravenous,10.0,,1.0,1.0,,,,,,,no,no,yes,no,no,no,1
A Triple-Responsive Polymeric Prodrug Nanoplatform with Extracellular ROS Consumption and Intracellular H2O2 Self-Generation for Imaging-Guided Tumor Chemo-Ferroptosis-Immunotherapy.pdf,"nanoparticle, nanocrystal","Fe2O3, AuS",Fe2O3,nanoparticle,,,,,,,"intravenous, intraperitoneal, intratumoral, subcutaneous, intramuscular, intracardiac, intradermal",intravenous,,3.0,,,40.0,3.0,,,,,no,no,yes,no,no,no,1
Safe and Targeted Sonodynamic Cancer Therapy Using Biocompatible Exosome-Based Nanosonosensitizers.pdf,"nanoparticle, nanocrystal",,,nanoparticle,,,,,breast_cancer,breast_cancer,"intravenous, intraperitoneal, intratumoral, oral, subcutaneous, intramuscular, intracardiac, intradermal",intravenous,,,1.0,0.4142857142857143,81.45,,,90.0,10.0,,no,no,yes,no,yes,no,2
Ce6-DNAzyme-Loaded Metal-Organic Framework Theranostic Agents for Boosting miRNA Imaging-Guided Photodynamic Therapy in Breast Cancer..pdf,"nanoparticle, nanocrystal","AuS, AlN",AuS,nanoparticle,,,,,,,"intravenous, intraperitoneal, intratumoral, oral, subcutaneous, intramuscular, intracardiac, intradermal",intravenous,13.3,3.0,,0.4,12.307692307692308,,,,,,no,no,yes,no,no,no,1
Metal–Organic-Framework-Derived Carbon NanostructureAugmented Sonodynamic Cancer Therapy.pdf,,,,,,,,,,,"intravenous, intraperitoneal, intratumoral, subcutaneous, intramuscular, intracardiac, intradermal",intravenous,,,1.0,,99.27272727272727,,,,,,no,no,yes,no,no,no,1
Cetuximab-Ag2S quantum dots for fluorescence imaging and highly effective combination of ALA-based photodynamic chemo-therapy of colorectal cancer cells.pdf,nanocrystal,,,nanocrystal,,,,,colon_cancer,colon_cancer,"intravenous, intraperitoneal, intratumoral, subcutaneous, intramuscular, intracardiac, intradermal",intravenous,,,,,9.93939393939394,,,55.0,45.0,,no,no,yes,no,yes,no,2
Piezoelectric Metal–Organic Frameworks Based Sonosensitizer for Enhanced Nanozyme Catalytic and Sonodynamic Therapies.pdf,nanocrystal,,,nanocrystal,,,,,,,"intravenous, intraperitoneal, intratumoral, subcutaneous, intramuscular, intracardiac, intradermal",intravenous,,2.0,1.0,,5.0,,,,,,no,no,yes,no,no,no,1
Oxygen-Deficient BiOCl Combined withL-Buthionine-Sulfoximine Synergistically SuppressesTumor Growth through Enhanced Singlet OxygenGeneration under Ultrasound Irradiation.pdf,"nanoparticle, nanocrystal",,,nanoparticle,,,,,,,"intravenous, intraperitoneal, intratumoral, subcutaneous, intramuscular, intracardiac, intradermal",intravenous,,,1.0,,7.230769230769231,,2.5,,,,no,no,yes,yes,no,no,2
Chemiluminescence resonance energy transfer-based immunostimulatory  nanoparticles for sonoimmunotherapy.pdf,"nanoparticle, nanocrystal",AuS,AuS,nanoparticle,,,,,,,"intravenous, intraperitoneal, intratumoral, subcutaneous, intramuscular, intracardiac, intradermal",intravenous,31.6,2.0,18.0,,19.11111111111111,,,,,,no,no,yes,no,no,no,1
Near-infrared Zn-doped Cu2S quantum dots: an ultrasmall theranostic agent for tumor cell imaging and chemodynamic therapy.pdf,nanocrystal,,,nanocrystal,,,,,,,"intravenous, intraperitoneal, intratumoral, subcutaneous, intramuscular, intracardiac, intradermal",intravenous,,,,,27.5,,,,,,no,no,yes,no,no,no,1
Synergistic Gas Therapy and Targeted InterventionalAblation With Size-Controllable Arsenic Sulﬁde (As 2 S3 )Nanoparticles for Eﬀective Elimination of Localized CancerPain.pdf,"nanoparticle, nanocrystal",CuS,CuS,nanoparticle,,,,,,,"intravenous, intraperitoneal, intratumoral, oral, subcutaneous, intramuscular, intracardiac, intradermal",intravenous,,,,,10.0,,,,,,no,no,yes,no,no,no,1
Laser-triggered aggregated cubic α-Fe2O3@Au nanocomposites for magnetic resonance imaging and photothermal enhanced radiation synergistic therapy.pdf,"nanoparticle, nanocrystal",Fe2O3,Fe2O3,nanoparticle,,,,,breast_cancer,breast_cancer,"intravenous, intraperitoneal, intratumoral, subcutaneous, intramuscular, intracardiac, intradermal",intravenous,,,,1.8999999999999997,8.5,,,,,,no,no,yes,no,no,no,1
Fe-Polyphenol Self-Assembled Nanoplatform for Sonodynamic Ferroptosis-Autophagy Inhibition Synergistic Tumor Therapy.pdf,"nanoparticle, nanocrystal",,,nanoparticle,,,,,,,"intravenous, intraperitoneal, intratumoral, subcutaneous, intramuscular, intracardiac, intradermal",intravenous,,,1.1428571428571428,1.7142857142857142,13.333333333333334,,,,,,no,no,yes,no,no,no,1
Hafnium (Hf)-Chelating Porphyrin-Decorated Gold Nanosensitizers for Enhanced Radio−Radiodynamic Therapy of Colon Carcinoma.pdf,"nanoparticle, nanocrystal",,,nanoparticle,,,,,,,"intravenous, intraperitoneal, intratumoral, subcutaneous, intramuscular, intracardiac, intradermal",intravenous,20.0,2.0,,,19.0,,,,,,no,no,yes,no,no,no,1
Versatile Nanodrugs Containing Glutathione and HemeOxygenase 1 Inhibitors Enable Suppression of AntioxidantDefense System in a Two-Pronged Manner for EnhancedPhotodynamic Therapy.pdf,"nanoparticle, nanocrystal",,,nanoparticle,,,,,,,"intravenous, intraperitoneal, intratumoral, subcutaneous, intramuscular, intracardiac, intradermal",intravenous,,,,,8.933333333333334,,,,,,no,no,yes,no,no,no,1
Tumor-Targeting Near-Infrared Dimeric HeptamethineCyanine Photosensitizers with an Aromatic Diphenol Linkerfor Imaging-Guided Cancer Phototherapy.pdf,nanocrystal,,,nanocrystal,,,,,,,"intravenous, intraperitoneal, intratumoral, subcutaneous, intramuscular, intracardiac, intradermal",intravenous,,2.0,600.0,,10.904761904761905,,,,,,no,no,yes,no,no,no,1
Piezodynamic Therapy: Unleashing Mechanical Energy and Featuristic Next Generation Therapeutic Paradigms for Glioblastoma.pdf,nanocrystal,CuS,CuS,nanocrystal,,,,,glioma,glioma,"intravenous, intraperitoneal, intratumoral, oral, subcutaneous, intramuscular, intracardiac, intracerebral, intradermal",intravenous,18.375,3.0,0.9708571428571428,1.3571428571428572,22.0,,46080462.0,,,,no,no,yes,yes,no,no,2
Coordination Self-Assembled AuTPyP-Cu Metal−Organic Framework Nanosheets with pH-Ultrasound Dual-Responsiveness for Synergistically Triggering Cuproptosis Augmented Chemotherapy.pdf,nanocrystal,CuO,CuO,nanocrystal,,,,,cervical_cancer,cervical_cancer,"intravenous, intraperitoneal, intratumoral, oral, subcutaneous, intramuscular, intracardiac, intradermal",intravenous,10.0,2.0,1.0,1.2,17.916666666666668,,,,,,no,no,yes,no,no,no,1
Integration of Silica Nanorattles with Manganese-Doped In2S3 InOOH to Enable Ultrasound-Mediated Tumor Theranostics.pdf,"nanoparticle, nanocrystal",SiO2,SiO2,nanoparticle,,,,,,,"intravenous, intraperitoneal, intratumoral, oral, subcutaneous, intramuscular, intracardiac, intradermal",intravenous,11.25,5.0,1.0555555555555556,1.1428571428571428,14.904761904761905,,,,,,no,no,yes,no,no,no,1
Nanotransferrin-Based Programmable Catalysis Mediates Three-Pronged Induction of Oxidative Stress to Enhance Cancer Immunotherapy.pdf,"nanoparticle, nanocrystal",,,nanoparticle,,,,,,,"intravenous, intratumoral, subcutaneous, intramuscular, intracardiac, intradermal",intravenous,,,,,,,,,,,no,no,no,no,no,no,0
Albumin Modulated Homodimer as an EﬃcientPhotosensitizer for Long-Term Imaging-Guided TumorTherapy Directed with Sunlight Irradiation.pdf,"nanoparticle, nanocrystal",,,nanoparticle,,,,,liver_cancer,liver_cancer,"intravenous, intraperitoneal, intratumoral, oral, subcutaneous, intramuscular, intracardiac, intradermal",intravenous,,,313.0,,20.625,,,,,,no,no,yes,no,no,no,1
A versatile nanoplatform carrying cascade Pt nanozymes remodeling tumor microenvironment for amplified sonodynamic chemo therapy of thyroid cancer.pdf,"nanoparticle, nanocrystal",,,nanoparticle,,,,,thyroid_cancer,thyroid_cancer,"intravenous, intraperitoneal, intratumoral, subcutaneous, intramuscular, intracardiac, intradermal",intravenous,8.4,3.0,1.0,1.2142857142857142,11.96774193548387,,,,,,no,no,yes,no,no,no,1
A Robust ROS Generation and Ferroptotic Lipid ModulationNanosystem for Mutual Reinforcement of Ferroptosis andCancer Immunotherapy.pdf,"nanoparticle, nanocrystal",,,nanoparticle,,,,,,,"intravenous, intraperitoneal, intratumoral, subcutaneous, intramuscular, intracardiac, intradermal",intravenous,,,,,,,,,,,no,no,no,no,no,no,0
Harnessing the Cancer Radiation Therapy by Lanthanide-Doped Zinc Oxide Based Theranostic Nanoparticles.pdf,"nanoparticle, nanocrystal",ZnO,ZnO,nanoparticle,,,,,cervical_cancer,cervical_cancer,"intravenous, intraperitoneal, intratumoral, subcutaneous, intramuscular, intracardiac, intradermal",intravenous,,,,,17.5,,,,,,no,no,yes,no,no,no,1
Core−Satellite Nanoassembly Overcomes Spatial Heterogeneity of Dendric Cell Distribution in Pancreatic Tumors for Effective Chemoimmunotherapy.pdf,nanocrystal,AlN,AlN,nanocrystal,,,,,pancreatic_cancer,pancreatic_cancer,"intravenous, intraperitoneal, intratumoral, oral, subcutaneous, intramuscular, intracardiac, intradermal",intravenous,40.0,,100.75,2.0,21.666666666666668,,,,,,no,no,yes,no,no,no,1
MOF-Derived Double-Layer Hollow Nanoparticles with OxygenGeneration Ability for Multimodal Imaging-Guided SonodynamicTherapy.pdf,"nanoparticle, nanocrystal","SiO2, AuS",SiO2,nanoparticle,,,,,,,"intravenous, intraperitoneal, intratumoral, subcutaneous, intramuscular, intracardiac, intradermal",intravenous,,,1.0,,1035.2857142857142,,,,,,no,no,yes,no,no,no,1
Ultrasound-Triggered Piezocatalysis for Selectively Controlled NO Gas and Chemodrug Release to Enhance Drug Penetration in Pancreatic Cancer.pdf,nanocrystal,AuS,AuS,nanocrystal,,,,,,,"intravenous, intraperitoneal, intratumoral, oral, subcutaneous, intramuscular, intracardiac, intradermal",intravenous,,3.0,47.03846153846154,,6.117647058823529,,,,,,no,no,yes,no,no,no,1
Cycloacceleration of Reactive Oxygen Species GenerationBased on Exceedingly Small Magnetic Iron OxideNanoparticles for Tumor Ferroptosis Therapy.pdf,"nanoparticle, nanocrystal",,,nanoparticle,,,,,,,"intravenous, intraperitoneal, intratumoral, subcutaneous, intramuscular, intracardiac, intradermal",intravenous,,,,,,,,,,,no,no,no,no,no,no,0
Modulation of Intratumoral Fusobacterium nucleatum to Enhance Sonodynamic Therapy for Colorectal Cancer with Reduced Phototoxic Skin Injury.pdf,"nanoparticle, nanocrystal",AuS,AuS,nanoparticle,,,,,,,"intravenous, intraperitoneal, intratumoral, oral, subcutaneous, intramuscular, intracardiac, intradermal",intravenous,12.0,2.0,1.0,3.2222222222222223,17.714285714285715,,,,,,no,no,yes,no,no,no,1
Oxygen Vacancy Defect-Induced Activity Enhancement of Gd Doping Magnetic Nanocluster for Oxygen Supplying Cancer Theranostics.pdf,nanocrystal,AuS,AuS,nanocrystal,,,,,,,"intravenous, intraperitoneal, intratumoral, oral, subcutaneous, intramuscular, intracardiac, intradermal",intravenous,3.0,,,,240.0,2.0,14.0,,,,no,no,yes,yes,no,no,2
Hierarchical Responsive Nanoplatform with Two-Photon Aggregation-Induced Emission Imaging for Efficient Cancer Theranostics.pdf,"nanoparticle, nanocrystal",AuS,AuS,nanoparticle,,,,,,,"intravenous, intraperitoneal, intratumoral, subcutaneous, intramuscular, intracardiac, intradermal",intravenous,,,,,,,,,,,no,no,no,no,no,no,0
“US-detonated nano bombs” facilitate targeting treatment of resistant breast cancer.pdf,nanocrystal,AuS,AuS,nanocrystal,,,,,breast_cancer,breast_cancer,"intravenous, intraperitoneal, intratumoral, oral, subcutaneous, intramuscular, intracardiac, intradermal",intravenous,10.833333333333334,2.0,,1.0,15.7,,,,,,no,no,yes,no,no,no,1
Metalloporphyrin Complex-Based Nanosonosensitizers for Deep-Tissue Tumor Theranostics by Noninvasive Sonodynamic Therapy.pdf,"nanoparticle, nanocrystal",,,nanoparticle,,,,,,,"intravenous, intraperitoneal, intratumoral, subcutaneous, intramuscular, intracardiac, intradermal",intravenous,,,75.8125,,6.9,,,,,,no,no,yes,no,no,no,1
Combination of MHI148 Targeted Photodynamic Therapy and STING Activation Inhibits Tumor Metastasis and Recurrence.pdf,"nanoparticle, nanocrystal",,,nanoparticle,,,,,,,"intravenous, intraperitoneal, intratumoral, oral, subcutaneous, intramuscular, intracardiac, intradermal",intravenous,,3.0,,,9.0,,,,,,no,no,yes,no,no,no,1
ROS-Responsive Fluorescent Sensor Array for Precise Diagnosis of Cancer via pH-Controlled Multicolor Gold Nanoclusters.pdf,nanocrystal,,,nanocrystal,,,,,,,"intravenous, intraperitoneal, intratumoral, subcutaneous, intramuscular, intracardiac, intradermal",intravenous,,,,,16.09090909090909,,200.0,,,,no,no,yes,yes,no,no,2
Bi-Pt Heterojunction Cascade Reaction Platform forSono-Immunotherapy of Tumors via PANoptosis andFerroptosis.pdf,"nanoparticle, nanocrystal",,,nanoparticle,,,,,,,"intravenous, intraperitoneal, intratumoral, subcutaneous, intramuscular, intracardiac, intradermal",intravenous,,,,,12.15625,,,,,,no,no,yes,no,no,no,1
Mesoporous polydopamine carrying sorafenib and SPIO nanoparticles for MRI-guided ferroptosis cancer therapy.pdf,,,,,,,,,,,"intravenous, intraperitoneal, intratumoral, subcutaneous, intramuscular, intracardiac, intradermal",intravenous,,3.0,,1.0,7.2727272727272725,,,,,,no,no,yes,no,no,no,1
"Responsive Magnetic Particle Imaging Tracer: Overcoming“Always-On” Limitation, Eliminating Interference, andEnsuring Safety in Adaptive Therapy.pdf","nanoparticle, nanocrystal","Fe3O4, Fe2O3, RuS",Fe3O4,nanoparticle,,,,,cervical_cancer,cervical_cancer,"intravenous, intraperitoneal, intratumoral, oral, subcutaneous, intramuscular, intracardiac, intradermal",intravenous,,,,,65.26315789473684,,,,,,no,no,yes,no,no,no,1
Wireless Stimulation of Barium Titanate@PEDOT Nanoparticles Toward Bioelectrical Modulation in Cancer.pdf,"nanoparticle, nanocrystal",,,nanoparticle,,,,,breast_cancer,breast_cancer,"intravenous, intraperitoneal, intratumoral, subcutaneous, intramuscular, intracardiac, intradermal",intravenous,,,1.5,,13.804878048780488,,231.0,100.0,0.0,,no,no,yes,yes,yes,no,3
Tumor microenvironment responsive nano-PROTAC for BRD4 degradation enhanced cancer photo-immunotherapy.pdf,nanocrystal,,,nanocrystal,,,,,,,"intravenous, intraperitoneal, intratumoral, subcutaneous, intramuscular, intracardiac, intradermal",intravenous,,,,,12.25,,4.0,,,,no,no,yes,yes,no,no,2
Targeted Intracellular Copper Reservoir Enhances Liver Cancer Immunotherapy.pdf,"nanoparticle, nanocrystal","AuS, PtS",AuS,nanoparticle,,,,,"liver_cancer, cervical_cancer",liver_cancer,"intravenous, intraperitoneal, intratumoral, oral, subcutaneous, intramuscular, intracardiac, intradermal",intravenous,,3.0,1.0,,12.027027027027026,,,,,,no,no,yes,no,no,no,1
A hypoxia responsive nanoassembly for tumor specific oxygenation and enhanced sonodynamic therapy.pdf,"nanoparticle, nanocrystal",,,nanoparticle,,,,,,,"intravenous, intraperitoneal, intratumoral, subcutaneous, intramuscular, intracardiac, intradermal",intravenous,50.0,,150.5,,16.25,,,,,,no,no,yes,no,no,no,1
Long-Circulating Au-TiO2 Nanocomposite as a Sonosensitizer for ROS-Mediated Eradication of Cancer.pdf,"nanoparticle, nanocrystal",TiO2,TiO2,nanoparticle,,,,,,,"intravenous, intratumoral, subcutaneous, intramuscular, intracardiac, intradermal",intravenous,3.0,,,,4.333333333333333,,,,,,no,no,yes,no,no,no,1
"Tumor-Specific Endogenous FeII-Activated, MRI-Guided Self-Targeting Gadolinium-Coordinated Theranostic Nanoplatforms for Amplification of ROS and Enhanced Chemodynamic Chemotherapy.pdf","nanoparticle, nanocrystal",AuS,AuS,nanoparticle,,,,,,,"intravenous, intraperitoneal, intratumoral, subcutaneous, intramuscular, intracardiac, intradermal",intravenous,5.085714285714286,,400.0,,17.8,,,,,,no,no,yes,no,no,no,1
A singular plasmonic-thermoelectric hollow nanostructure inducing apoptosis and cuproptosis for catalytic cancer therapy.pdf,nanocrystal,,,nanocrystal,,,,,,,"intravenous, intraperitoneal, intratumoral, oral, subcutaneous, intramuscular, intracardiac, intradermal",intravenous,,5.0,,,6.578947368421052,,1064.0,,,,no,no,yes,yes,no,no,2
Cascade Energy Transformation in Hybrid Nanosensitizer Enables Ultrasound-Activated Luminescence Imaging and Enhanced Sonodynamic Therapy..pdf,"nanoparticle, nanocrystal",,,nanoparticle,,,,,,,"intravenous, intraperitoneal, intratumoral, oral, subcutaneous, intramuscular, intracardiac, intradermal",intravenous,,,1.0,,2.0,,,,,,no,no,yes,no,no,no,1
Dual-Functional Supernanoparticles with Microwave Dynamic Therapy and Microwave Thermal Therapy.pdf,"nanoparticle, nanocrystal",,,nanoparticle,,,,,,,"intravenous, intraperitoneal, intratumoral, subcutaneous, intramuscular, intracardiac, intradermal",intravenous,,,950.0,,8.5,,,,,,no,no,yes,no,no,no,1
Metal and Covalent Organic Frameworks Meet OB‐GYN  Advancing Applications in Women s Health and.pdf,nanocrystal,AlN,AlN,nanocrystal,,,,,,,"intravenous, intraperitoneal, intratumoral, oral, subcutaneous, intramuscular, intracardiac, intradermal",intravenous,,,,,8.75,,,,,,no,no,yes,no,no,no,1
UiO-66 MOFs-Based “Epi-Nano Sonosensitizer” for Ultrasound-Drive Cascade Immunotherapy against B‑Cell Lymphoma.pdf,nanocrystal,,,nanocrystal,,,,,leukemia,leukemia,"intravenous, intraperitoneal, intratumoral, subcutaneous, intramuscular, intracardiac, intradermal",intravenous,10.0,11.0,1.0,1.0,350.67857142857144,19.0,,,,,no,no,yes,no,no,no,1
W Doped TiO2 Nanorods for Multimode Tumor Eradication in Osteosarcoma Models under Single Ultrasound Irradiation.pdf,"nanoparticle, nanorod, nanocrystal",TiO2,TiO2,nanoparticle,,,,,sarcoma,sarcoma,"intravenous, intraperitoneal, intratumoral, subcutaneous, intramuscular, intracardiac, intradermal",intravenous,,,,,97.5,,,,,,no,no,yes,no,no,no,1
Reactive Oxygen Species-Manipulated Drug Release from a Smart Envelope-Type Mesoporous Titanium Nanovehicle for Tumor Sonodynamic-Chemotherapy.pdf,"nanoparticle, nanocrystal","TiO2, CdS, CuS",TiO2,nanoparticle,,,,,,,"intravenous, intraperitoneal, intratumoral, oral, subcutaneous, intramuscular, intracardiac, intradermal",intravenous,11.177777777777777,2.0,,1.0,29.0,,,,,,no,no,yes,no,no,no,1
Complementing Cancer Photodynamic Therapy with Ferroptosis through Iron Oxide Loaded Porphyrin Grafted Lipid Nanoparticl.pdf,,,,,,,,,,,"intravenous, intraperitoneal, intratumoral, subcutaneous, intramuscular, intracardiac, intradermal",intravenous,35.166666666666664,,,,14.571428571428571,,,,,,no,no,yes,no,no,no,1
Graphene quantum dot formulation for cancer imaging and redox-based drug delivery.pdf,nanocrystal,CuS,CuS,nanocrystal,,,,,cervical_cancer,cervical_cancer,"intravenous, intraperitoneal, intratumoral, subcutaneous, intramuscular, intracardiac, intradermal",intravenous,,,,,28.5,,69.0,,,,no,no,yes,yes,no,no,2
Glutathione-depleting nanoplatelets for enhanced sonodynamic cancer therapy.pdf,"nanoparticle, nanosheet, nanocrystal","SiO2, AuS",SiO2,nanoparticle,,,,,breast_cancer,breast_cancer,"intravenous, intraperitoneal, intratumoral, subcutaneous, intramuscular, intracardiac, intradermal",intravenous,,,1.0,,10.0,,,,,,no,no,yes,no,no,no,1
Bioorthogonal Guided Activation of cGAS-STING by AIE Photosensitizer Nanoparticles for Targeted Tumor Therapy and Imaging.pdf,"nanoparticle, nanocrystal",,,nanoparticle,,,,,lung_cancer,lung_cancer,"intravenous, intraperitoneal, intratumoral, subcutaneous, intramuscular, intracardiac, intradermal",intravenous,,,,,15.0,202305668.0,,,,,no,no,yes,no,no,no,1
O2-evolving and ROS-activable nanoparticles for treatment of multi-drug resistant Cancer by combination of photodynamic therapy and chemotherapy.pdf,"nanoparticle, nanocrystal",,,nanoparticle,,,,,,,"intravenous, intraperitoneal, intratumoral, subcutaneous, intramuscular, intracardiac, intradermal",intravenous,5.0,,,,,,,,,,no,no,no,no,no,no,0
Phage-augmented casein nanocarriers for targeted bioimaging and enhanced= combinatorial therapy of triple-negative breast cancer.pdf,nanocrystal,,,nanocrystal,,,,,,,"intravenous, intraperitoneal, intratumoral, subcutaneous, intramuscular, intracardiac, intradermal",intravenous,,,,,5.0,,,,,,no,no,yes,no,no,no,1
nano-ultrasonic Contrast Agent for Chemoimmunotherapy of Breast Cancer by Immune Metabolism Reprogramming and Tumor Autophagy.pdf,"nanoparticle, nanocrystal",AuS,AuS,nanoparticle,,,,,breast_cancer,breast_cancer,"intravenous, intraperitoneal, intratumoral, subcutaneous, intramuscular, intracardiac, intradermal",intravenous,2.67,2.0,169.25,2.0,8.833333333333334,3.3333333333333335,,,,,no,no,yes,no,no,no,1
Nanodrugs mediate TAMs-related arginine metabolism interference to  boost photodynamic immunotherapy.pdf,nanocrystal,,,nanocrystal,,,,,breast_cancer,breast_cancer,"intravenous, intraperitoneal, intratumoral, subcutaneous, intramuscular, intracardiac, intradermal",intravenous,,,,,10.666666666666666,4.0,,,,,no,no,yes,no,no,no,1
Monitoring ROS Responsive Fe3O4-based Nanoparticle Mediated Ferroptosis and Immunotherapy via 129Xe MRI.pdf,"nanoparticle, nanocrystal",Fe3O4,Fe3O4,nanoparticle,,,,,,,"intravenous, intraperitoneal, intratumoral, subcutaneous, intramuscular, intracardiac, intradermal",intravenous,,,,,,1.0,,,,,no,no,yes,no,no,no,1
Enhanced Cisplatin Chemotherapy by Iron Oxide Nanocarrier Mediated Generation of Highly Toxic Reactive Oxygen Species.pdf,nanocrystal,AuS,AuS,nanocrystal,,,,,,,"intravenous, intraperitoneal, intratumoral, subcutaneous, intramuscular, intracardiac, intradermal",intravenous,,,,,25.833333333333332,2.0,,,,,no,no,yes,no,no,no,1
Phage-augmented casein nanocarriers for targeted bioimaging and enhanced combinatorial therapy of triple-negative breast cancer..pdf,nanocrystal,,,nanocrystal,,,,,,,"intravenous, intraperitoneal, intratumoral, subcutaneous, intramuscular, intracardiac, intradermal",intravenous,,,,,5.0,,,,,,no,no,yes,no,no,no,1
Oxygen-Independent Synchronized ROS Generation and Hypoxia Prodrug Activation with Z-Scheme Heterostructure Sonosensitizer.pdf,nanocrystal,Ag2S,Ag2S,nanocrystal,,,,,,,"intravenous, intraperitoneal, intratumoral, subcutaneous, intramuscular, intracardiac, intradermal",intravenous,,,,,8.0,,,,,,no,no,yes,no,no,no,1
Engineering oxygen-deficient ZrO2-x nanoplatform as therapy-activated “immunogenic cell death (ICD)” inducer to synergize photothermal-augmented sonodynamic tumor elimination in NIR-II biological window.pdf,"nanoparticle, nanocrystal",ZrO2,ZrO2,nanoparticle,,,,,,,"intravenous, intraperitoneal, intratumoral, subcutaneous, intramuscular, intracardiac, intradermal",intravenous,5.0,,1.0,0.8529411764705882,11.272727272727273,,,,,,no,no,yes,no,no,no,1
Biodegradable Hollow MoSe2 Fe3O4 Nanospheres as the Photodynamic Therapy-Enhanced Agent for Multimode CT MR IR Imaging and Synergistic Antitumor Therapy.pdf,nanocrystal,AuS,AuS,nanocrystal,,,,,,,"intravenous, intraperitoneal, intratumoral, subcutaneous, intramuscular, intracardiac, intradermal",intravenous,,,,,9.285714285714286,,,,,,no,no,yes,no,no,no,1
"NaCeF4:Gd,Tb Scintillator as an X-ray Responsive Photosensitizer for Multimodal Imaging-Guided Synchronous Radio Radiodynamic Therapy.pdf","nanoparticle, nanocrystal",,,nanoparticle,,,,,,,"intravenous, intraperitoneal, intratumoral, subcutaneous, intramuscular, intracardiac, intradermal",intravenous,,2.0,,,2.0,,,,,,no,no,yes,no,no,no,1
A nanodrug combining CD47 and sonodynamic therapy efficiently inhibits osteosarcoma deterioration.pdf,nanocrystal,,,nanocrystal,,,,,sarcoma,sarcoma,"intravenous, intraperitoneal, intratumoral, subcutaneous, intramuscular, intracardiac, intradermal",intravenous,3.5,3.0,1.0,1.75,13.105263157894736,413.5,,,,,no,no,yes,no,no,no,1
Multifunctional tumor-targeted PLGA nanoparticles delivering Pt(IV) siBIRC5 for US MRI imaging and overcoming ovarian cancer resistance.pdf,"nanoparticle, nanocrystal",AuS,AuS,nanoparticle,,,,,ovarian_cancer,ovarian_cancer,"intravenous, intraperitoneal, intratumoral, subcutaneous, intramuscular, intracardiac, intradermal",intravenous,,,67.53333333333333,2.0,14.709677419354838,,,,,,no,no,yes,no,no,no,1
Ultrasmall Ternary FePtMn Nanocrystalswith Acidity-Triggered Dual-Ions Release and Hypoxia Relief for Multimodal SynergisticChemodynamic Photodynamic PhotothermalCancer Therapy.pdf,"nanoparticle, nanocrystal","CuO, CuS, AuS, AlN",CuO,nanoparticle,,,,,,,"intravenous, intraperitoneal, intratumoral, subcutaneous, intramuscular, intracardiac, intradermal",intravenous,,2.0,,,8.4,,2.0,,,,no,no,yes,yes,no,no,2
Two-Dimensional MXene-Originated In Situ Nanosonosensitizer Generation for Augmented and Synergistic Sonodynamic Tumor Nanotherapy.pdf,nanocrystal,CuO,CuO,nanocrystal,,,,,,,"intravenous, intraperitoneal, intratumoral, subcutaneous, intramuscular, intracardiac, intradermal",intravenous,,,2.2222222222222223,,10.666666666666666,,2.0,,,,no,no,yes,yes,no,no,2
Bright Aggregation-Induced Emission Nanoparticles for Two-Photon Imaging and Localized Compound Therapy of Cancers.pdf,"nanoparticle, nanocrystal",,,nanoparticle,,,,,,,"intravenous, intraperitoneal, intratumoral, oral, subcutaneous, intramuscular, intracardiac, intradermal",intravenous,,3.0,,,11.266666666666667,,,,,,no,no,yes,no,no,no,1
A multimodal imaging nanobubble enhancing sonodynamic therapy by cell membrane disruption for effective anti-melanoma.pdf,nanocrystal,,,nanocrystal,,,,,melanoma,melanoma,"intravenous, intraperitoneal, intratumoral, subcutaneous, intramuscular, intracardiac, intradermal",intravenous,2.0,,7.666666666666667,2.0,42.6,,,,,,no,no,yes,no,no,no,1
Ultrasound-activated nanovesicles for adenosine exhaustion and immune checkpoint blockade in cancer immunotherapy.pdf,nanocrystal,AuS,AuS,nanocrystal,,,,,,,"intravenous, intraperitoneal, intratumoral, subcutaneous, intramuscular, intracardiac, intradermal",intravenous,7.0,2.0,1.0,2.0,7.783783783783784,1.0,,,,,no,no,yes,no,no,no,1
Catalase enzyme-modified carbon quantum dot nanoparticles with hypoxia alleviation associated with indocyanine green for synchronous augmented photodynamic therapy and cell imaging of melanoma..pdf,"nanoparticle, nanocrystal",AuS,AuS,nanoparticle,,,,,,,"intravenous, intraperitoneal, intratumoral, oral, subcutaneous, intramuscular, intracardiac, intradermal",intravenous,,,,,11.153846153846153,,,,,,no,no,yes,no,no,no,1
Smart Nanoassembly Enabling Activatable NIR Fluorescence and ROS Generation with Enhanced Tumor Penetration for Imaging-Guided Photodynamic Therapy.pdf,"nanoparticle, nanocrystal","CuS, AuS",CuS,nanoparticle,,,,,,,"intravenous, intraperitoneal, intratumoral, subcutaneous, intramuscular, intracardiac, intradermal",intravenous,,,,,13.333333333333334,,,,,,no,no,yes,no,no,no,1
Bimetallic Cu@Ru Core−Shell Structures with Ligand Effects for Endo−Exogenous Stimulation-Mediated Dynamic Oncotherapy.pdf,"nanoparticle, nanocrystal",,,nanoparticle,,,,,,,"intravenous, intraperitoneal, intratumoral, subcutaneous, intramuscular, intracardiac, intradermal",intravenous,,,,,100.0,,,,,,no,no,yes,no,no,no,1
Diradicaloid-Loaded Polypeptide Nanoparticles for Two-photon NIR Phototheranostics.pdf,"nanoparticle, nanocrystal",,,nanoparticle,,,,,,,"intravenous, intraperitoneal, intratumoral, oral, subcutaneous, intramuscular, intracardiac, intradermal",intravenous,2.75,,665784749.5555556,,20.045454545454547,,,,,,no,no,yes,no,no,no,1
Imaging-guided companion diagnostics in radiotherapy by monitoring APE1 activity with afterglow and MRI imaging.pdf,nanocrystal,,,nanocrystal,,,,,,,"intravenous, intraperitoneal, intratumoral, subcutaneous, intramuscular, intracardiac, intradermal",intravenous,,,60.0,,27.424242424242426,1.0,,,,,no,no,yes,no,no,no,1
Development of an ultrasound triggered nanomedicine-microbubble complex for chemo-photodynamic-gene therapy.pdf,"nanoparticle, nanocrystal",AuS,AuS,nanoparticle,,,,,,,"intravenous, intraperitoneal, intratumoral, oral, subcutaneous, intramuscular, intracardiac, intradermal",intravenous,3.55,,1.0,,16.166666666666668,,,3.75,96.25,,no,no,yes,no,yes,no,2
Ultrasound-Responsive Lipid Nanosonosensitizers with SizeReduction and NO Release: SynergisticSonodynamic-Chemo-Immunotherapy for Pancreatic Tumors.pdf,"nanoparticle, nanocrystal",,,nanoparticle,,,,,pancreatic_cancer,pancreatic_cancer,"intravenous, intraperitoneal, intratumoral, oral, subcutaneous, intramuscular, intracardiac, intradermal",intravenous,,,1.0,0.9,4.809523809523809,,,,,,no,no,yes,no,no,no,1
An AND Logic Gate for Magnetic-Resonance-Imaging-Guided Ferroptosis Therapy of Tumors.pdf,"nanoparticle, nanocrystal","Fe3O4, Fe2O3, AuS",Fe3O4,nanoparticle,,,,,cervical_cancer,cervical_cancer,"intravenous, intraperitoneal, intratumoral, subcutaneous, intramuscular, intracardiac, intradermal",intravenous,,,,,20.0,3.0,,,,,no,no,yes,no,no,no,1
NIR-II Imaging-Guided Mitochondrial-Targeting Organic Nanoparticles for Multimodal Synergistic Tumor Therapy.pdf,"nanoparticle, nanocrystal",,,nanoparticle,,,,,,,"intravenous, intraperitoneal, intratumoral, subcutaneous, intramuscular, intracardiac, intradermal",intravenous,,,,,12.608695652173912,,,,,,no,no,yes,no,no,no,1
Electron acceptor motif-manipulated NIR-II AIE photosensitizers synergically induce tumor pyroptosis through multimodal image-guided pure type I photodynamic and photothermal therapy.pdf,"nanoparticle, nanocrystal",,,nanoparticle,,,,,,,"intravenous, intraperitoneal, intratumoral, oral, subcutaneous, intramuscular, intracardiac, intradermal",intravenous,,2.0,,,10.6,,,,,,no,no,yes,no,no,no,1
Living Microalgae-Based Magnetic Microrobots for CalciumOverload and Photodynamic Synergetic Cancer Therapy.pdf,"nanoparticle, nanocrystal","Fe3O4, CuS",Fe3O4,nanoparticle,,,,,cervical_cancer,cervical_cancer,"intravenous, intraperitoneal, intratumoral, subcutaneous, intramuscular, intracardiac, intradermal",intravenous,,,2.142857142857143,,19.333333333333332,,,,,,no,no,yes,no,no,no,1
"Plasmon-enhanced fluorescent gold coated novel lipo-polymeric hybrid  nanosystem: Synthesis, characterization and application for imaging and  photothermal therapy of breast cancer.pdf","nanoparticle, nanocrystal",,,nanoparticle,,,,,breast_cancer,breast_cancer,"intravenous, intraperitoneal, intratumoral, subcutaneous, intramuscular, intracardiac, intradermal",intravenous,,,,,14.73913043478261,,,,,,no,no,yes,no,no,no,1
Intelligent Hollow Pt-CuS Janus Architecture for Synergistic Catalysis-Enhanced Sonodynamic and Photothermal Cancer Therapy.pdf,"nanoparticle, nanocrystal",CuS,CuS,nanoparticle,,,,,,,"intravenous, intraperitoneal, intratumoral, subcutaneous, intramuscular, intracardiac, intradermal",intravenous,,2.0,1.0,,5.8,,,,,,no,no,yes,no,no,no,1
Molecularly manipulating pyrazinoquinoxaline derivatives to construct  NIR-II AIEgens for multimodal phototheranostics of breast cancer bone metastases.pdf,"nanoparticle, nanocrystal",AuS,AuS,nanoparticle,800.0,800.0,,,breast_cancer,breast_cancer,"intravenous, intraperitoneal, intratumoral, subcutaneous, intramuscular, intracardiac, intradermal",intravenous,,,,,9.555555555555555,,,,,,yes,no,yes,no,no,no,2
muhammad-et-al-2025-piezodynamic-therapy-unleashing-mechanical-energy-and-featuristic-next-generation-therapeutic.pdf,nanocrystal,CuS,CuS,nanocrystal,,,,,glioma,glioma,"intravenous, intraperitoneal, intratumoral, oral, subcutaneous, intramuscular, intracardiac, intracerebral, intradermal",intravenous,18.375,3.0,0.9708571428571428,1.3571428571428572,22.0,,46080462.0,,,,no,no,yes,yes,no,no,2
Multi-dimensional donor engineering of NIR-II AIEgens for multimodal  phototheranostics of orthotopic breast cancer.pdf,"nanoparticle, nanocrystal",,,nanoparticle,1500.0,1500.0,,,breast_cancer,breast_cancer,"intravenous, intraperitoneal, intratumoral, subcutaneous, intramuscular, intracardiac, intradermal",intravenous,,,,,12.142857142857142,,,,,,yes,no,yes,no,no,no,2
Dual-Responsive and ROS-Augmented Nanoplatform for Chemo Photodynamic Chemodynamic Combination Therapy of Triple Negative Breast Cancer.pdf,,,,,,,,,,,"intravenous, intraperitoneal, intratumoral, subcutaneous, intramuscular, intracardiac, intradermal",intravenous,2.0,,,1.1333333333333333,6.5,,,,,,no,no,yes,no,no,no,1
Nanoparticles destabilizing the cell membranes triggered by NIR light for cancer imaging and photo-immunotherapy.pdf,"nanoparticle, nanocrystal",AuS,AuS,nanoparticle,,,,,,,"intravenous, intraperitoneal, intratumoral, subcutaneous, intramuscular, intracardiac, intradermal",intravenous,,,300.0,,11.857142857142858,,,,,,no,no,yes,no,no,no,1
Platelet Membrane-Coated Drug-Loaded Nanoparticles for Dual Modal Imaging and Photodynamic Therapy in Triple-Negative Breast Cancer.pdf,"nanoparticle, nanocrystal",PtS,PtS,nanoparticle,,,,,,,"intravenous, intraperitoneal, intratumoral, oral, subcutaneous, intramuscular, intracardiac, intradermal",intravenous,,2.0,,1.0,12.454545454545455,,,,,,no,no,yes,no,no,no,1
Sono-Controllable and ROS-Sensitive CRISPR-Cas9 Genome Editing for Augmented Synergistic Ultrasound Tumor Nanotherapy.pdf,"nanoparticle, nanocrystal","CuO, AuS, RuS",CuO,nanoparticle,,,,,,,"intravenous, intraperitoneal, intratumoral, oral, subcutaneous, intramuscular, intracardiac, intradermal",intravenous,,,1.0,,5.0,1.0,,,,,no,no,yes,no,no,no,1
Hydrothermal Galvanic-ReplacementTethered Synthesis of Ir−Ag−IrO2 Nanoplates for Computed Tomography-Guided Multiwavelength Potent Thermodynamic Cancer Therapy.pdf,"nanoparticle, nanosheet, nanocrystal",AuS,AuS,nanoparticle,,,,,,,"intravenous, intraperitoneal, intratumoral, subcutaneous, intramuscular, intracardiac, intradermal",intravenous,,2.0,,3.0,16.833333333333332,,,,,,no,no,yes,no,no,no,1
Diradicaloid-Loaded Polypeptide Nanoparticles for Two-Photon NIR Phototheranostics.pdf,"nanoparticle, nanocrystal",,,nanoparticle,,,,,,,"intravenous, intraperitoneal, intratumoral, oral, subcutaneous, intramuscular, intracardiac, intradermal",intravenous,2.75,,665784749.5555556,,20.045454545454547,,,,,,no,no,yes,no,no,no,1
Glucosylated Hybrid TiO 2 Polymer Nanomaterials forActively Targeted Sonodynamic Therapy of Cancer.pdf,"nanoparticle, nanocrystal","TiO2, AlN",TiO2,nanoparticle,,,,,sarcoma,sarcoma,"intravenous, intraperitoneal, intratumoral, subcutaneous, intramuscular, intracardiac, intradermal",intravenous,,,1.0,,13.897435897435898,,,,,,no,no,yes,no,no,no,1
"Ultrasound-Responsive Nanobubbles for Breast Cancer: Synergistic Sonodynamic, Chemotherapy, and Immune Activation through the cGAS-STING Pathway.pdf",nanocrystal,"AuS, PtS",AuS,nanocrystal,,,,,breast_cancer,breast_cancer,"intravenous, intraperitoneal, intratumoral, subcutaneous, intramuscular, intracardiac, intradermal",intravenous,5.0,2.0,1.0,1.5,8.0,,,,,,no,no,yes,no,no,no,1
Novel Oxygen-Deficient Zirconia (ZrO2−x) for Fluorescence Photoacoustic Imaging-Guided Photothermal Photodynamic Therapy for Cancer.pdf,"nanoparticle, nanocrystal",ZrO2,ZrO2,nanoparticle,,,,,,,"intravenous, intraperitoneal, intratumoral, oral, subcutaneous, intramuscular, intracardiac, intradermal",intravenous,,2.0,,,205697066.0,,,,,,no,no,yes,no,no,no,1
The Midas Touch by Iridium: A Second Near-Infrared Aggregation Induced Emission-Active Metallo-Agent for Exceptional Phototheranostics of Breast Cancer.pdf,"nanoparticle, nanocrystal",,,nanoparticle,,,,,breast_cancer,breast_cancer,"intravenous, intraperitoneal, intratumoral, subcutaneous, intramuscular, intracardiac, intradermal",intravenous,,3.0,,,7.0,,,,,,no,no,yes,no,no,no,1
Enhancing Photodynamic Therapy Efficacy via Photo-Triggered Calcium Overload and Oxygen Delivery in Tumor Hypoxia Management.pdf,"nanosphere, nanocrystal",,,nanosphere,,,,,,,"intravenous, intraperitoneal, intratumoral, subcutaneous, intramuscular, intracardiac, intradermal",intravenous,5.0,2.0,,0.75,12.5,10.0,,,,,no,no,yes,no,no,no,1
An Oxidation-Enhanced Magnetic Resonance ImagingProbe for Visual and Speciﬁc Detection of Singlet OxygenGenerated in Photodynamic Cancer Therapy In Vivo.pdf,"nanoparticle, nanocrystal",Fe3O4,Fe3O4,nanoparticle,,,,,,,"intravenous, intraperitoneal, intratumoral, subcutaneous, intramuscular, intracardiac, intradermal",intravenous,,,,,6.2272727272727275,,,,,,no,no,yes,no,no,no,1
Ultrathin Clay Nanoparticles-Mediated Mutual Reinforcement of Ferroptosis and Cancer Immunotherapy.pdf,"nanosheet, nanocrystal",AlN,AlN,nanosheet,,,,,,,"intravenous, intraperitoneal, intratumoral, oral, subcutaneous, intramuscular, intracardiac, intradermal",intravenous,,,,,,,,,,,no,no,no,no,no,no,0
One-for-all phototheranostics: Single component AIE dots as multi-modality theranostic agent for fluorescence-photoacoustic imaging-guided synergistic cancer therapy.pdf,nanocrystal,,,nanocrystal,,,,,,,"intravenous, intraperitoneal, intratumoral, oral, subcutaneous, intramuscular, intracardiac, intradermal",intravenous,,3.0,,0.3,7.944444444444445,,4.0,,,,no,no,yes,yes,no,no,2
Oxi-Redox Selective Breast Cancer Treatment: An In Vitro Study of Theranostic In-Based Oxide Nanoparticles for Controlled Generation or Prevention of Oxidative Stress.pdf,nanoparticle,,,nanoparticle,,,,,,,"intravenous, intraperitoneal, intratumoral, subcutaneous, intramuscular, intracardiac, intradermal",intravenous,,,,,25.0,2.0,,,,,no,no,yes,no,no,no,1
Versatile metal-phenolic network nanoparticles for multitargeted combination therapy and magnetic resonance tracing in glioblastoma.pdf,"nanoparticle, nanocrystal",,,nanoparticle,,,,,glioma,glioma,"intravenous, intraperitoneal, intratumoral, subcutaneous, intramuscular, intracardiac, intracerebral, intradermal",intravenous,2.776,5.0,,0.5,19.285714285714285,,,,,,no,no,yes,no,no,no,1
Genetically Engineering Cell Membrane-Coated BTO Nanoparticles for MMP2-Activated Piezocatalysis-Immunotherapy.pdf,"nanoparticle, nanocrystal",,,nanoparticle,,,,,,,"intravenous, intraperitoneal, intratumoral, oral, subcutaneous, intramuscular, intracardiac, intradermal",intravenous,,,1.0,,16.818181818181817,2.0,,,,,no,no,yes,no,no,no,1
Biodegradable Multifunctional Nanotheranostic Based on Ag2S‑Doped Hollow BSA-SiO2 for Enhancing ROS-Feedback Synergistic Antitumor Therapy.pdf,"nanoparticle, nanocrystal","SiO2, Ag2S",SiO2,nanoparticle,,,,,,,"intravenous, intraperitoneal, intratumoral, oral, subcutaneous, intramuscular, intracardiac, intradermal",intravenous,,2.0,,,12.444444444444445,,,,,,no,no,yes,no,no,no,1
"Highly selective in-vivo imaging of tumor as an inflammation site by ROS detection using hydrocyanine-conjugated, functional nano-carriers.pdf",,,,,,,,,,,"intravenous, intraperitoneal, intratumoral, subcutaneous, intramuscular, intracardiac, intradermal",intravenous,5.0,,,,20.2,,,,,,no,no,yes,no,no,no,1
Sub 5 nm Gd3+–Hemoporfin Framework Nanodots for Augmented Sonodynamic Theranostics and Fast Renal Clearance.pdf,"nanoparticle, nanocrystal",RuS,RuS,nanoparticle,,,,,,,"intravenous, intraperitoneal, intratumoral, subcutaneous, intramuscular, intracardiac, intradermal",intravenous,,,1.0,,7.0,,,,,,no,no,yes,no,no,no,1
Iron-based nanoparticles for MR imaging-guide ferroptosis in combination with photodynamic therapy to enhance cancer treatment.pdf,"nanoparticle, nanocrystal",AuS,AuS,nanoparticle,,,,,breast_cancer,breast_cancer,"intravenous, intraperitoneal, intratumoral, subcutaneous, intramuscular, intracardiac, intradermal",intravenous,,3.0,,,14.894736842105264,,,,,,no,no,yes,no,no,no,1
Low-intensity focused ultrasound-augmented Cascade chemodynamic therapy via boosting ROS generation.pdf,nanocrystal,"Fe3O4, Fe2O3, CuS",Fe3O4,nanocrystal,,,,,,,"intravenous, intraperitoneal, intratumoral, oral, subcutaneous, intramuscular, intracardiac, intradermal",intravenous,53.165,,15.0,1.025,11.3,,,,,,no,no,yes,no,no,no,1
Hetero-Core–Shell BiNS–Fe@Fe as a Potential Theranostic Nanoplatform for Multimodal Imaging-Guided Simultaneous Photothermal–Photodynamic and Chemodynamic Treatment.pdf,,,,,,,,,,,"intravenous, intraperitoneal, intratumoral, oral, subcutaneous, intramuscular, intracardiac, intradermal",intravenous,,2.0,,,33.0,2.0,,,,,no,no,yes,no,no,no,1
"Ultrasound-activated nanovesicles for adenosine exhaustion and immune 
checkpoint blockade in cancer immunotherapy.pdf",nanocrystal,AuS,AuS,nanocrystal,,,,,,,"intravenous, intraperitoneal, intratumoral, subcutaneous, intramuscular, intracardiac, intradermal",intravenous,7.0,2.0,1.0,2.0,7.783783783783784,1.0,,,,,no,no,yes,no,no,no,1
Palladium-Catalyzed Hydrogenation of Black Barium Titanate for Multienzyme-Piezoelectric Synergetic Tumor Therapy.pdf,"nanoparticle, nanocrystal",,,nanoparticle,,,,,,,"intravenous, intraperitoneal, intratumoral, subcutaneous, intramuscular, intracardiac, intradermal",intravenous,,,1.0,,3.0,,,,,,no,no,yes,no,no,no,1
Targeted GSH-exhausting and Hydroxyl Radicals Self-producing Manganese Silica Nanomissiles for MRI Guided Ferroptotic Cancer Therapy.pdf,"nanoparticle, nanocrystal","SiO2, AuS",SiO2,nanoparticle,,,,,,,"intravenous, intraperitoneal, intratumoral, subcutaneous, intramuscular, intracardiac, intradermal",intravenous,7.166666666666667,676.0,,,18.3125,392.5,525.0,,,,no,no,yes,yes,no,no,2
Integration of Fe3O4 with Bi2S3 for Multi-Modality Tumor Theranostics.pdf,"nanoparticle, nanocrystal",Fe3O4,Fe3O4,nanoparticle,,,,,,,"intravenous, intraperitoneal, intratumoral, subcutaneous, intramuscular, intracardiac, intradermal",intravenous,,,,0.8666666666666667,9.61111111111111,,,,,,no,no,yes,no,no,no,1
Cavitation-Inducible Mesoporous Silica–TitaniaNanoparticles for Cancer Sonotheranostics.pdf,"nanoparticle, nanocrystal","TiO2, SiO2, CuS, AuS",TiO2,nanoparticle,,,,,cervical_cancer,cervical_cancer,"intravenous, intraperitoneal, intratumoral, subcutaneous, intramuscular, intracardiac, intradermal",intravenous,,,,,12.0,,,,,,no,no,yes,no,no,no,1
Ultrasound-Enhanced Reactive Oxygen Species Responsive Charge-Reversal Polymeric Nanocarriers for Efficient Pancreatic Cancer Gene Delivery.pdf,nanocrystal,AuS,AuS,nanocrystal,,,,,pancreatic_cancer,pancreatic_cancer,"intravenous, intraperitoneal, intratumoral, subcutaneous, intramuscular, intracardiac, intradermal",intravenous,3.0,3.0,1.5,0.2,11.142857142857142,,,,,,no,no,yes,no,no,no,1
Photosynthetic Oxygenation-Augmented SonodynamicNanotherapy of Hypoxic Tumors.pdf,nanocrystal,"CuS, RuS",CuS,nanocrystal,,,,,,,"intravenous, intraperitoneal, intratumoral, oral, subcutaneous, intramuscular, intracardiac, intradermal",intravenous,,,1.0,,16.075,,,,,,no,no,yes,no,no,no,1
An Oxidative Stress Nano-Ampliﬁer for Improved TumorElimination and Combined Immunotherapy.pdf,"nanoparticle, nanocrystal","CuS, AuS, AlN",CuS,nanoparticle,,,,,,,"intravenous, intraperitoneal, intratumoral, subcutaneous, intramuscular, intracardiac, intradermal",intravenous,,2.0,,,15.777777777777779,196.66666666666666,,,,,no,no,yes,no,no,no,1
A Coupling Induced Assembly Strategy for Constructing Artificial Shell on Mitochondria.pdf,"nanoparticle, nanocrystal",AuS,AuS,nanoparticle,,,,,,,"intravenous, intraperitoneal, intratumoral, subcutaneous, intramuscular, intracardiac, intradermal",intravenous,4.0,,1.0,,5.0,2.0,,,,,no,no,yes,no,no,no,1
"A Protein−Polymer Bioconjugate-Coated Upconversion Nanosystem for Simultaneous Tumor Cell Imaging, Photodynamic Therapy, and Chemotherapy.pdf","nanoparticle, nanocrystal",,,nanoparticle,,,,,cervical_cancer,cervical_cancer,"intravenous, intraperitoneal, intratumoral, subcutaneous, intramuscular, intracardiac, intradermal",intravenous,,,,,11.125,,,,,,no,no,yes,no,no,no,1
Honeycomb-Satellite Structured pH H2O2‑Responsive Degradable Nanoplatform for Efficient Photodynamic Therapy and Multimodal Imaging.pdf,"nanoparticle, nanosphere, nanocrystal",,,nanoparticle,,,,,,,"intravenous, intraperitoneal, intratumoral, subcutaneous, intramuscular, intracardiac, intradermal",intravenous,,2.0,,0.5,25.294117647058822,,,,,,no,no,yes,no,no,no,1
Low-intensity focused ultrasound-augmented Cascade chemodynamic  therapy via boosting ROS generation .pdf,nanocrystal,"Fe3O4, Fe2O3, CuS",Fe3O4,nanocrystal,,,,,,,"intravenous, intraperitoneal, intratumoral, oral, subcutaneous, intramuscular, intracardiac, intradermal",intravenous,53.165,,15.0,1.025,11.3,,,,,,no,no,yes,no,no,no,1
Cancer-specific chemotherapeutic strategy based on the vitamin K3 mediated ROS regenerative feedback and visualized drug release in vivo.pdf,"nanoparticle, nanocrystal",,,nanoparticle,,,,,,,"intravenous, intraperitoneal, intratumoral, oral, subcutaneous, intramuscular, intracardiac, intradermal",intravenous,,82.0,400.0,,11.714285714285714,,,,,,no,no,yes,no,no,no,1
Reactive Oxygen Correlated Chemiluminescent Imaging of a Semiconducting Polymer Nanoplatform for Monitoring Chemodynamic Therapy.pdf,nanocrystal,,,nanocrystal,,,,,,,"intravenous, intraperitoneal, intratumoral, subcutaneous, intramuscular, intracardiac, intradermal",intravenous,,,,,20.0,,,,,,no,no,yes,no,no,no,1
ROS-Triggered Self-Assembled Nanoparticles Based on a Chemo Sonodynamic Combinational Therapy Strategy for the Noninvasive Elimination of Hypoxic Tumors.pdf,"nanoparticle, nanocrystal",,,nanoparticle,,,,,,,"intravenous, intraperitoneal, intratumoral, oral, subcutaneous, intramuscular, intracardiac, intradermal",intravenous,,,33.63636363636363,,11.105263157894736,,,,,,no,no,yes,no,no,no,1
Doping Engineering To Modulate Surface Plasmon Resonance and Enzyme-like Activities for Enhancing Photoacoustic Imaging-Guided Targeted Cancer Therapy in the Second Near-Infrared Window.pdf,"nanoparticle, nanocrystal",WO3,WO3,nanoparticle,,,,,,,"intravenous, intraperitoneal, intratumoral, subcutaneous, intramuscular, intracardiac, intradermal",intravenous,,2.0,,0.7999999999999999,23.6,,,,,,no,no,yes,no,no,no,1
"Multifunctional low-temperature photothermal nanodrug with in vivo clearance, ROS-Scavenging and anti-inflammatory abilities.pdf","nanoparticle, nanocrystal",,,nanoparticle,,,,,,,"intravenous, intraperitoneal, intratumoral, subcutaneous, intramuscular, intracardiac, intradermal",intravenous,0.8,2.0,,,40.74074074074074,,,,,,no,no,yes,no,no,no,1
Effective glioblastoma immune sonodynamic treatment mediated by  macrophage cell membrane cloaked biomimetic nanomedicines .pdf,"nanoparticle, nanocrystal",,,nanoparticle,,,,,glioma,glioma,"intravenous, intraperitoneal, intratumoral, subcutaneous, intramuscular, intracardiac, intradermal",intravenous,75.0,,2.111111111111111,1.0,8.722222222222221,,,,,,no,no,yes,no,no,no,1
Fluorescence-Switchable Iron-Doped Nanodot Assembly asa Robust Redox Dyshomeostasis Ampliﬁer for NoninvasiveTreatment of Deep-Seated Tumors.pdf,nanocrystal,"CdS, AuS",CdS,nanocrystal,,,,,,,"intravenous, intraperitoneal, intratumoral, oral, subcutaneous, intramuscular, intracardiac, intradermal",intravenous,,,,,26.428571428571427,,,,,,no,no,yes,no,no,no,1
Targeted Intracellular Copper Reservoir Enhances Liver Cancer Immunotherapy..pdf,"nanoparticle, nanocrystal","AuS, PtS",AuS,nanoparticle,,,,,"liver_cancer, cervical_cancer",liver_cancer,"intravenous, intraperitoneal, intratumoral, oral, subcutaneous, intramuscular, intracardiac, intradermal",intravenous,,3.0,1.0,,12.027027027027026,,,,,,no,no,yes,no,no,no,1
Switchable ROS Scavenger Generator for MRI-Guided Anti-Inflammation and Anti-Tumor Therapy with Enhanced Therapeutic Efficacy and Reduced Side Effects.pdf,nanocrystal,AuS,AuS,nanocrystal,,,,,,,"intravenous, intraperitoneal, intratumoral, subcutaneous, intramuscular, intracardiac, intradermal",intravenous,,,,,13.585714285714285,,,,,,no,no,yes,no,no,no,1
Ultrasound-Sensitive Targeted Liposomes as a GeneDelivery System for the Synergistic Treatment of Hepatocellular Carcinoma.pdf,"nanoparticle, nanocrystal",,,nanoparticle,,,,,liver_cancer,liver_cancer,"intravenous, intraperitoneal, intratumoral, subcutaneous, intramuscular, intracardiac, intradermal",intravenous,,,1.0,,12.24,,,,,,no,no,yes,no,no,no,1
Neutron Activated 153Sm Sealed in Carbon Nanocapsules for in Vivo Imaging and Tumor Radiotherapy.pdf,nanocrystal,,,nanocrystal,,,,,,,"intravenous, intraperitoneal, intratumoral, subcutaneous, intramuscular, intracardiac, intradermal",intravenous,150.0,,,,27.5,,,,,,no,no,yes,no,no,no,1
MoO3-x nanosheets-based platform for single NIR laser induced efficient PDT-PTT of cancer.pdf,"nanoparticle, nanosheet, nanocrystal",,,nanoparticle,,,,,,,"intravenous, intraperitoneal, intratumoral, subcutaneous, intramuscular, intracardiac, intradermal",intravenous,,2.0,,,95.55555555555556,,,,,,no,no,yes,no,no,no,1
Extended π-Conjugative Carbon Nitride for Single 1064 nm Laser-Activated Photodynamic Photothermal Synergistic Therapy and Photoacoustic Imaging.pdf,"nanoparticle, nanocrystal",,,nanoparticle,,,,,,,"intravenous, intraperitoneal, intratumoral, subcutaneous, intramuscular, intracardiac, intradermal",intravenous,,2.0,,,14.9375,,,,,,no,no,yes,no,no,no,1
Strength in Numbers: A Giant NIR-II AIEgen with One-for-AllPhototheranostic Features for Exceptional Orthotopic BladderCancer Treatment.pdf,"nanoparticle, nanocrystal",,,nanoparticle,,,,,,,"intravenous, intraperitoneal, intratumoral, subcutaneous, intramuscular, intracardiac, intradermal",intravenous,,,,,10.0,,49.0,,,,no,no,yes,yes,no,no,2
Ultrasmall Iron-Doped Titanium Oxide Nanodots for Enhanced Sonodynamic and Chemodynamic Cancer Therapy.pdf,"nanoparticle, nanocrystal",,,nanoparticle,,,,,,,"intravenous, intraperitoneal, intratumoral, subcutaneous, intramuscular, intracardiac, intradermal",intravenous,28.488888888888887,,,3.0,15.0,,,,,,no,no,yes,no,no,no,1
ROS-augmented and tumor-microenvironment responsive biodegradable nanoplatform for enhancing chemo-sonodynamic therapy.pdf,nanocrystal,,,nanocrystal,,,,,,,"intravenous, intraperitoneal, intratumoral, subcutaneous, intramuscular, intracardiac, intradermal",intravenous,,,,,12.954545454545455,,,,,,no,no,yes,no,no,no,1
Stimuli-responsive nanotheranostic systems conjugated with AIEgens for advanced cancer bio-imaging and treatment.pdf,,,,,,,,,,,"intravenous, intraperitoneal, intratumoral, subcutaneous, intramuscular, intracardiac, intradermal",intravenous,,,,,,,,,,,no,no,no,no,no,no,0
An Ecient Magnetic Nanocatalyst Induced Chemo- and Ferroptosis Synergistic Cancer Therapy in Combination with T1-T2 Dual-Mode Magnetic Resonance Imaging through Doxorubicin Delivery.pdf,nanocrystal,"Fe3O4, Fe2O3, AuS",Fe3O4,nanocrystal,,,,,,,"intravenous, intraperitoneal, intratumoral, subcutaneous, intramuscular, intracardiac, intradermal",intravenous,6.0,,,,,,38.0,,,,no,no,no,yes,no,no,1
X‑ray-Sensitive Selenium Nanoparticles Enhance Esophageal Squamous Cell Carcinoma Radiotherapy through Activating P53 IGFBP3 Pathway by Regulating GPX2.pdf,"nanoparticle, nanocrystal",,,nanoparticle,,,,,esophageal_cancer,esophageal_cancer,"intravenous, intraperitoneal, intratumoral, oral, subcutaneous, intramuscular, intracardiac, intradermal",intravenous,,,,,35.0,,,,,,no,no,yes,no,no,no,1
Polymer-based nanodrugs enhance sonodynamic therapy through  epigenetic reprogramming of the immunosuppressive  tumor microenvironment.pdf,"nanoparticle, nanocrystal",,,nanoparticle,,,,,"breast_cancer, glioma",breast_cancer,"intravenous, intraperitoneal, intratumoral, subcutaneous, intramuscular, intracardiac, intradermal",intravenous,14.866666666666667,3.0,1.0,1.5,9.833333333333334,,20.0,,,,no,no,yes,yes,no,no,2
A New Strategy to Elevate Absorptivity of AIEgens for Intensified NIR-II Emission and Synergized Multimodality Therapy.pdf,"nanoparticle, nanocrystal",AuS,AuS,nanoparticle,,,,,,,"intravenous, intraperitoneal, intratumoral, subcutaneous, intramuscular, intracardiac, intradermal",intravenous,,,,,7.142857142857143,,,,,,no,no,yes,no,no,no,1
Spatial-Constraint Modulation of Intra Extracellular ReactiveOxygen Species by Adaptive Hybrid Materials for Boosting Pyroptosis and Combined Immunotherapy of Breast Tumor.pdf,"nanoparticle, nanocrystal",PtS,PtS,nanoparticle,,,,,"breast_cancer, cervical_cancer",breast_cancer,"intravenous, intraperitoneal, intratumoral, oral, subcutaneous, intramuscular, intracardiac, intradermal",intravenous,,,,,10.055555555555555,,,,,,no,no,yes,no,no,no,1
Fe-Polyphenol Self-Assembled Nanoplatform for Sonodynamic-Ferroptosis-Autophagy Inhibition Synergistic Tumor Therapy..pdf,"nanoparticle, nanocrystal",,,nanoparticle,,,,,,,"intravenous, intraperitoneal, intratumoral, subcutaneous, intramuscular, intracardiac, intradermal",intravenous,,,1.1428571428571428,1.7142857142857142,13.333333333333334,,,,,,no,no,yes,no,no,no,1
Constraint Modulation of Intra Extracellular Reactive Oxygen Species by.pdf,"nanoparticle, nanocrystal",PtS,PtS,nanoparticle,,,,,"breast_cancer, cervical_cancer",breast_cancer,"intravenous, intraperitoneal, intratumoral, oral, subcutaneous, intramuscular, intracardiac, intradermal",intravenous,,,,,10.055555555555555,,,,,,no,no,yes,no,no,no,1
Biomimetic Metallacage Nanoparticles with Aggregation-Induced Emission for NIR-II Fluorescence Imaging-Guided Synergistic Immuno-Phototherapy of Tumors.pdf,"nanoparticle, nanocrystal",,,nanoparticle,,,,,glioma,glioma,"intravenous, intraperitoneal, intratumoral, subcutaneous, intramuscular, intracardiac, intradermal",intravenous,,5.0,338.1666666666667,1.008,13.375,,1.0,,,,no,no,yes,yes,no,no,2
PEGylated mesoporous Bi2S3 nanostars loaded with chlorin e6 and doxorubicin for fluorescence CT imaging-guided multimodal therapy of cancer.pdf,nanocrystal,,,nanocrystal,,,,,,,"intravenous, intraperitoneal, intratumoral, oral, subcutaneous, intramuscular, intracardiac, intradermal",intravenous,,,,,9.166666666666666,,,,,,no,no,yes,no,no,no,1
Nanobiohybrid Oncolytic Bacteria with Optimized Intratumoral Distribution for Combined Sono−Photodynamic Immunotherapy.pdf,"nanoparticle, nanocrystal",,,nanoparticle,,,,,,,"intravenous, intraperitoneal, intratumoral, oral, subcutaneous, intramuscular, intracardiac, intradermal",intravenous,0.35,,21512283.333333332,1.1199999999999999,20.0,,49.0,,,,no,no,yes,yes,no,no,2
Enzyme-Triggered Transcytosis of Dendrimer−Drug Conjugate for Deep Penetration into Pancreatic Tumors.pdf,nanocrystal,,,nanocrystal,,,,,pancreatic_cancer,pancreatic_cancer,"intravenous, intraperitoneal, intratumoral, oral, subcutaneous, intramuscular, intracardiac, intradermal",intravenous,27.142857142857142,2.0,,,45.833333333333336,,,,,,no,no,yes,no,no,no,1
Bovine serum albumin framed activatable NIR AIE photosensitizer for  targeted tumor therapy.pdf,"nanoparticle, nanocrystal",AuS,AuS,nanoparticle,,,,,,,"intravenous, intraperitoneal, intratumoral, subcutaneous, intramuscular, intracardiac, intradermal",intravenous,,,,0.3,10.0,,,,,,no,no,yes,no,no,no,1
Oxygen-Self-Produced Nanoplatform for Relieving Hypoxia and Breaking Resistance to Sonodynamic Treatment of Pancreatic Cancer.pdf,"nanoparticle, nanocrystal",SiO2,SiO2,nanoparticle,,,,,pancreatic_cancer,pancreatic_cancer,"intravenous, intraperitoneal, intratumoral, oral, subcutaneous, intramuscular, intracardiac, intradermal",intravenous,,,2.5,1.0,33.0,,,,,,no,no,yes,no,no,no,1
Glutathione-Activated NO-ROS-Generation Nanoparticles to Modulate the Tumor Hypoxic Microenvironment for Enhancing the Effect of HIFU-Combined Chemotherapy.pdf,"nanoparticle, nanocrystal",CuS,CuS,nanoparticle,,,,,,,"intravenous, intraperitoneal, intratumoral, subcutaneous, intramuscular, intracardiac, intradermal",intravenous,,4.0,58.142857142857146,,14.875,,224.33333333333334,,,,no,no,yes,yes,no,no,2
Ultrasmall Cu2-xS nanodots as photothermal-enhanced Fenton nanocatalysts for synergistic tumor therapy at NIR-II biowindow.pdf,"nanoparticle, nanocrystal",,,nanoparticle,,,,,,,"intravenous, intraperitoneal, intratumoral, subcutaneous, intramuscular, intracardiac, intradermal",intravenous,,,,,93.8,2.0,,,,,no,no,yes,no,no,no,1
High Active (102) Surface Induced Rapid Degradation of CuS Nanotheranostic Platform for in Situ T1-weighted Magnetic Resonance Imaging Guided Synergistic Therapy.pdf,nanocrystal,CuS,CuS,nanocrystal,,,,,,,"intravenous, intraperitoneal, intratumoral, subcutaneous, intramuscular, intracardiac, intradermal",intravenous,,,,,10.0,,,,,,no,no,yes,no,no,no,1
Dual nanoenzymes loaded hollow mesoporous organotantalum  nanospheres for chemo-radio sensitization.pdf,"nanosphere, nanocrystal",,,nanosphere,,,,,,,"intravenous, intraperitoneal, intratumoral, subcutaneous, intramuscular, intracardiac, intradermal",intravenous,60.0,,,,15.23076923076923,,,,,,no,no,yes,no,no,no,1
Stanene-Based Nanosheets for b-Elemene Delivery and Ultrasound-Mediated Combination Cancer Therapy.pdf,"nanosheet, nanocrystal",,,nanosheet,,,,,,,"intravenous, intraperitoneal, intratumoral, subcutaneous, intramuscular, intracardiac, intradermal",intravenous,,,1.0,,7.714285714285714,,,,,,no,no,yes,no,no,no,1
A NIR-driven green affording-oxygen microrobot for targeted photodynamic therapy of tumors.pdf,"nanoparticle, nanocrystal",AuS,AuS,nanoparticle,,,,,breast_cancer,breast_cancer,"intravenous, intraperitoneal, intratumoral, subcutaneous, intramuscular, intracardiac, intradermal",intravenous,,,,,30.0,,,,,,no,no,yes,no,no,no,1
Titania coated 2D gold nanoplates as nanoagents for synergistic photothermal sonodynamic therapy in the second near-infrared window.pdf,nanocrystal,,,nanocrystal,,,,,cervical_cancer,cervical_cancer,"intravenous, intraperitoneal, intratumoral, subcutaneous, intramuscular, intracardiac, intradermal",intravenous,10.0,,3.0,,11.627906976744185,,,95.4,4.599999999999994,,no,no,yes,no,yes,no,2
A New Strategy to Elevate Absorptivity of AIEgens forIntensiﬁed NIR-II Emission and Synergized Multimodality Therapy.pdf,"nanoparticle, nanocrystal",AuS,AuS,nanoparticle,,,,,,,"intravenous, intraperitoneal, intratumoral, subcutaneous, intramuscular, intracardiac, intradermal",intravenous,,,,,7.142857142857143,,,,,,no,no,yes,no,no,no,1
"Self-Sacrificially Degradable Pseudo-Semiconducting Polymer Nanoparticles that Integrate NIR-II Fluorescence Bioimaging, Photodynamic Immunotherapy, and Photo-Activated Chemotherapy.pdf","nanoparticle, nanotube, nanocrystal",,,nanoparticle,,,,,,,"intravenous, intraperitoneal, intratumoral, subcutaneous, intramuscular, intracardiac, intradermal",intravenous,,,,,51.5,,,,,,no,no,yes,no,no,no,1
Synergistic Glutathione Depletion and STING Activation to Potentiate Dendritic Cell Maturation and Cancer Vaccine Efficacy.pdf,"nanoparticle, nanocrystal",AuS,AuS,nanoparticle,,,,,melanoma,melanoma,"intravenous, intraperitoneal, intratumoral, subcutaneous, intramuscular, intracardiac, intradermal",intravenous,,,,,,,,,,,no,no,no,no,no,no,0
Cetuximab-Ag2S Quantum Dots for Fluorescent Imaging and Highly Effective Combination of ALA-based Photodynamic Chemo-Therapy of Colorectal Cancer Cells.pdf,"nanoparticle, nanocrystal",,,nanoparticle,,,,,colon_cancer,colon_cancer,"intravenous, intraperitoneal, intratumoral, subcutaneous, intramuscular, intracardiac, intradermal",intravenous,,,,0.26,9.93939393939394,,,55.0,45.0,,no,no,yes,no,yes,no,2
Sonoactivated Cascade Fenton Reaction Enhanced by Synergistic Modulation of Electron–Hole Separation for Improved Tumor Therapy.pdf,"nanoparticle, nanosheet, nanocrystal",,,nanoparticle,,,,,,,"intravenous, intraperitoneal, intratumoral, subcutaneous, intramuscular, intracardiac, intradermal",intravenous,,,1.0,,182.5,,,,,,no,no,yes,no,no,no,1
Cascade-Activatable Nanoprodrug System Augments Sonochemotherapy of Bladder Cancer.pdf,"nanoparticle, nanocrystal",,,nanoparticle,,,,,bladder_cancer,bladder_cancer,"intravenous, intraperitoneal, intratumoral, oral, subcutaneous, intramuscular, intracardiac, intradermal",intravenous,,2.0,400.0,,9.875,,,,,,no,no,yes,no,no,no,1
NIR-II Absorption Emission Dual Function Based 2DTargeted Nanotheranostics for Tunable Hydrogenothermal Therapy.pdf,"nanoparticle, nanocrystal",AuS,AuS,nanoparticle,,,,,,,"intravenous, intraperitoneal, intratumoral, oral, subcutaneous, intramuscular, intracardiac, intradermal",intravenous,,2.0,,,7.25,2.0,,,,,no,no,yes,no,no,no,1
s41467-024-5073A region-confined PROTAC nanoplatform for spatiotemporally tunable protein degradation and enhanced cancer therapy.pdf,"nanoparticle, nanocrystal",AuS,AuS,nanoparticle,,,,,breast_cancer,breast_cancer,"intravenous, intraperitoneal, intratumoral, oral, subcutaneous, intramuscular, intracardiac, intradermal",intravenous,12.5,,,,10.615384615384615,451.5,,,,,no,no,yes,no,no,no,1
Homotypic biomimetic nanotheranostics enhance locoregional Cherenkov radiation-induced photodynamic therapy and ferroptosis in early bone metastases..pdf,nanocrystal,,,nanocrystal,,,,,prostate_cancer,prostate_cancer,"intravenous, intraperitoneal, intratumoral, oral, subcutaneous, intramuscular, intracardiac, intradermal",intravenous,8.458333333333334,,,0.5,18.071428571428573,,,,,,no,no,yes,no,no,no,1
Atomically Precise Gold−Levonorgestrel Nanocluster as a Radiosensitizer for Enhanced Cancer Therapy.pdf,nanocrystal,AuS,AuS,nanocrystal,,,,,,,"intravenous, intraperitoneal, intratumoral, subcutaneous, intramuscular, intracardiac, intradermal",intravenous,,,,,7.0,,,,,,no,no,yes,no,no,no,1
A controllable self-amplifying oxidative stress strategy for boosting noninvasive sonodynamic therapy and synergistic immunotherapy.pdf,"nanoparticle, nanocrystal",,,nanoparticle,,,,,breast_cancer,breast_cancer,"intravenous, intraperitoneal, intratumoral, subcutaneous, intramuscular, intracardiac, intradermal",intravenous,0.5,4.0,1.0,1.0,11.375,1.0,,,,,no,no,yes,no,no,no,1
Multifunctional Magnetic CuS Gd2O3 Nanoparticles for Fluorescence Magnetic Resonance Bimodal Imaging-Guided Photothermal-Intensified Chemodynamic Synergetic Therapy of Targeted Tumors.pdf,"nanoparticle, nanocrystal","CuS, AuS",CuS,nanoparticle,,,,,,,"intravenous, intraperitoneal, intratumoral, oral, subcutaneous, intramuscular, intracardiac, intradermal",intravenous,5.8,,,0.8,11.35135135135135,,,,,,no,no,yes,no,no,no,1
Hafnium (Hf)-Chelating Porphyrin-Decorated Gold Nanosensitizers for Enhanced Radio–Radiodynamic Therapy of Colon Carcinoma.pdf,"nanoparticle, nanocrystal",,,nanoparticle,,,,,,,"intravenous, intraperitoneal, intratumoral, subcutaneous, intramuscular, intracardiac, intradermal",intravenous,20.0,2.0,,,19.0,,,,,,no,no,yes,no,no,no,1
song-et-al-2025-ultrasound-mediated-piezocatalysis-triggers-no-release-to-augment-targeted-immunotherapy-of-pancreatic.pdf,"nanoparticle, nanocrystal",BaTiO3,BaTiO3,nanoparticle,,,,,pancreatic_cancer,pancreatic_cancer,"intravenous, intraperitoneal, intratumoral, oral, subcutaneous, intramuscular, intracardiac, intradermal",intravenous,10.0,3.0,1.3333333333333333,1.5,6.2439024390243905,,,,,,no,no,yes,no,no,no,1
"Programmatically Controllable Activation of Sonodynamic
Therapeutics with Bioorthogonal-Based Mitochondria-Specific
Exogenous Agents toward Accurate Tumor Elimination.pdf","nanoparticle, nanocrystal",,,nanoparticle,,,,,,,"intravenous, intraperitoneal, intratumoral, oral, subcutaneous, intramuscular, intracardiac, intradermal",intravenous,,3.0,1.0,1.5,9.2,,,,,,no,no,yes,no,no,no,1
Functionalized Fe-Doped Carbon Dots Exhibiting Dual Glutathione Consumption to Amplify Ferroptosis for Enhanced Cancer Therapy.pdf,nanocrystal,CdS,CdS,nanocrystal,,,,,,,"intravenous, intraperitoneal, intratumoral, oral, subcutaneous, intramuscular, intracardiac, intradermal",intravenous,,3.0,,,16.470588235294116,,16.0,,,,no,no,yes,yes,no,no,2
Biomimetic Nanoparticle with Glutathione Depletion and Amplified ROS Generation Capabilities for Synergistic Chemo-Sonodynamic Therapy in Squamous Cell Carcinomas.pdf,"nanoparticle, nanocrystal",AuS,AuS,nanoparticle,,,,,,,"intravenous, intraperitoneal, intratumoral, oral, subcutaneous, intramuscular, intracardiac, intradermal",intravenous,4.428571428571429,,1.5,1.0,11.222222222222221,,,,,,no,no,yes,no,no,no,1
"Degradable Multifunctional Porphyrin-Based Porous Organic olymer Nanosonosensitizer for Tumor-Specific Sonodynamic, Chemo- and Immunotherapy.pdf",nanocrystal,AuS,AuS,nanocrystal,,,,,,,"intravenous, intraperitoneal, intratumoral, subcutaneous, intramuscular, intracardiac, intradermal",intravenous,,2.0,58.0,1.9999999999999998,16.25,,,,,,no,no,yes,no,no,no,1
The phenotype of target pancreatic cancer cells influences cell death by magnetic hyperthermia with nanoparticles carrying gemicitabine and the pseudo-peptide NucAnt.pdf,"nanoparticle, nanocrystal","Fe3O4, Fe2O3, AuS",Fe3O4,nanoparticle,,,,,pancreatic_cancer,pancreatic_cancer,"intravenous, intraperitoneal, intratumoral, oral, subcutaneous, intramuscular, intracardiac, intradermal",intravenous,,,,,60.0,,,,,,no,no,yes,no,no,no,1
Nanoengineered biomimetic Cu-based nanoparticles for multifunational and efficient tumor treatment .pdf,"nanoparticle, nanocrystal",,,nanoparticle,,,,,,,"intravenous, intraperitoneal, intratumoral, subcutaneous, intramuscular, intracardiac, intradermal",intravenous,,,450.0,,7.105263157894737,,,,,,no,no,yes,no,no,no,1
Bottle Nanomotors Amplify Tumor Oxidative Stress for Enhanced Calcium Overload Chemodynamic Therapy.pdf,,,,,,,,,,,"intravenous, intraperitoneal, intratumoral, subcutaneous, intramuscular, intracardiac, intradermal",intravenous,,,12.333333333333334,,24.181818181818183,,,,,,no,no,yes,no,no,no,1
Phage-augmented casein nanocarriers for targeted bioimaging and enhanced combinatorial therapy of triple-negative breast cancer.pdf,nanocrystal,,,nanocrystal,,,,,,,"intravenous, intraperitoneal, intratumoral, subcutaneous, intramuscular, intracardiac, intradermal",intravenous,,,,,5.0,,,,,,no,no,yes,no,no,no,1
Tumor-Targeted Glutamine Metabolism Blocker Synergizeswith TiO2 -Au Janus Nanoparticles for EnhancedSono-Metabolic Antitumor Therapy‐Au Janus Nanoparticles.pdf,nanocrystal,TiO2,TiO2,nanocrystal,,,,,,,"intravenous, intraperitoneal, intratumoral, oral, subcutaneous, intramuscular, intracardiac, intradermal",intravenous,,,,,22.03125,,,,,,no,no,yes,no,no,no,1
Catalase enzyme-modified carbon quantum dot nanoparticles with hypoxia alleviation associated with indocyanine green for synchronous augmented photodynamic therapy and cell imaging of melanoma.pdf,"nanoparticle, nanocrystal",AuS,AuS,nanoparticle,,,,,,,"intravenous, intraperitoneal, intratumoral, oral, subcutaneous, intramuscular, intracardiac, intradermal",intravenous,,,,,11.153846153846153,,,,,,no,no,yes,no,no,no,1
Homology and Immune Checkpoint Dual-Targeted Sonocatalytic Nanoagents for Enhancing Sonodynamic Tumor Therapy.pdf,nanocrystal,,,nanocrystal,,,,,melanoma,melanoma,"intravenous, intraperitoneal, intratumoral, subcutaneous, intramuscular, intracardiac, intradermal",intravenous,,3.0,1.0,1.05,8.333333333333334,,,,,,no,no,yes,no,no,no,1
Ultrasound-targeted photodynamic and gene dual therapy for effectively inhibiting triple negative breast cancer by cationic porphyrin lipid microbubbles loaded with HIF1α-siRNA.pdf,"nanoparticle, nanocrystal",,,nanoparticle,,,,,,,"intravenous, intraperitoneal, intratumoral, subcutaneous, intramuscular, intracardiac, intradermal",intravenous,,,4.164285714285715,,8.95,,,,,,no,no,yes,no,no,no,1
Heterogeneous-Structure-Based AuNBs@TiO2Nano-Photosensitizers for Computed Tomography ImagingGuided NIR-II Photodynamic Therapy and CancerMetastatic Prevention.pdf,nanocrystal,TiO2,TiO2,nanocrystal,,,,,,,"intravenous, intraperitoneal, intratumoral, subcutaneous, intramuscular, intracardiac, intradermal",intravenous,,,,,21.53846153846154,1.0,,,,,no,no,yes,no,no,no,1
"Highly Biocompatible, Fluorescence, and Zwitterionic Carbon Dots as a Novel Approach for Bioimaging Applications in Cancerous Cells.pdf",nanocrystal,CdS,CdS,nanocrystal,,,,,,,"intravenous, intraperitoneal, intratumoral, oral, subcutaneous, intramuscular, intracardiac, intradermal",intravenous,,,,,16.88888888888889,,,80.0,20.0,,no,no,yes,no,yes,no,2
PtMo-Au Metalloenzymes Regulated Tumor Microenvironment for Enhanced Sonodynamic Chemodynamic Starvation Synergistic Therapy.pdf,nanocrystal,,,nanocrystal,,,,,,,"intravenous, intraperitoneal, intratumoral, subcutaneous, intramuscular, intracardiac, intradermal",intravenous,,,1.0,,79.4,,,,,,no,no,yes,no,no,no,1
Rational design of oxygen deficient TiO2−x nanoparticles conjugated with chlorin e6 (Ce6) for photoacoustic imaging-guided photothermal photodynamic dual therapy of cancer.pdf,"nanoparticle, nanocrystal",,,nanoparticle,,,,,,,"intravenous, intraperitoneal, intratumoral, subcutaneous, intramuscular, intracardiac, intradermal",intravenous,,,,,11.28,,,,,,no,no,yes,no,no,no,1
Construct of MoSe2 Bi2Se3 nanoheterostructure: Multimodal CT PT imaging-guided PTT PDT chemotherapy for cancer treating.pdf,"nanosheet, nanocrystal",,,nanosheet,,,,,,,"intravenous, intraperitoneal, intratumoral, subcutaneous, intramuscular, intracardiac, intradermal",intravenous,,,,,30.083333333333332,,,,,,no,no,yes,no,no,no,1
A controllable self-amplifying oxidative stress strategy for boosting noninvasive sonodynamic therapy and synergistic immunotherapy..pdf,"nanoparticle, nanocrystal",,,nanoparticle,,,,,breast_cancer,breast_cancer,"intravenous, intraperitoneal, intratumoral, subcutaneous, intramuscular, intracardiac, intradermal",intravenous,0.5,4.0,1.0,1.0,11.375,1.0,,,,,no,no,yes,no,no,no,1
"All-in-One Theranostic Nanoagent with
Enhanced Reactive Oxygen Species eneration and Modulating Tumor Microenvironment Ability for Effective Tumor Eradication.pdf","nanosphere, nanocrystal",,,nanosphere,,,,,,,"intravenous, intraperitoneal, intratumoral, subcutaneous, intramuscular, intracardiac, intradermal",intravenous,,2.0,400.0,,13.833333333333334,,,,,,no,no,yes,no,no,no,1
Acceptor engineering-facilitated versatile AIEgen for mitochondria-targeted multimodal imaging-guided cancer photoimmunotherapy.pdf,"nanoparticle, nanocrystal",,,nanoparticle,,,,,,,"intravenous, intraperitoneal, intratumoral, subcutaneous, intramuscular, intracardiac, intradermal",intravenous,,2.0,425.3333333333333,,10.0,,,,,,no,no,yes,no,no,no,1
Integrin αvβ3-targeted self-assembled polypeptide nanomicelles for efficacious sonodynamic therapy against breast cancer.pdf,nanocrystal,,,nanocrystal,,,,,breast_cancer,breast_cancer,"intravenous, intraperitoneal, intratumoral, subcutaneous, intramuscular, intracardiac, intradermal",intravenous,,2.0,1.0,,8.76923076923077,,,,,,no,no,yes,no,no,no,1
Regulating Near-Infrared Photodynamic Properties of Semiconducting Polymer Nanotheranostics for Optimized Cancer Therapy.pdf,"nanoparticle, nanocrystal",CeO2,CeO2,nanoparticle,,,,,,,"intravenous, intraperitoneal, intratumoral, subcutaneous, intramuscular, intracardiac, intradermal",intravenous,,,,0.39333333333333337,7.8125,,,,,,no,no,yes,no,no,no,1
Supramolecular Nanoplatforms with Activable Ultrasoundand Magnetic Resonance Imaging for Cancer Diagnosis and Therapy.pdf,"nanoparticle, nanocrystal","CuO, AlN",CuO,nanoparticle,,,,,,,"intravenous, intraperitoneal, intratumoral, oral, subcutaneous, intramuscular, intracardiac, intradermal",intravenous,,2.0,30.0,,34.375,,49.0,,,,no,no,yes,yes,no,no,2
A multistage assembly disassembly strategy for tumor-targeted CO delivery.pdf,nanocrystal,SiO2,SiO2,nanocrystal,,,,,,,"intravenous, intraperitoneal, intratumoral, oral, subcutaneous, intramuscular, intracardiac, intradermal",intravenous,10.0,,400.0,,20.0,,,,,,no,no,yes,no,no,no,1
SnxWO3 as a Theranostic Platform for Realizing Multi-imaging guided Photothermal Photodynamic Combination Therapy.pdf,nanocrystal,PtS,PtS,nanocrystal,,,,,,,"intravenous, intraperitoneal, intratumoral, oral, subcutaneous, intramuscular, intracardiac, intradermal",intravenous,,,,,16.19047619047619,,,,,,no,no,yes,no,no,no,1
Tumor Microenvironment-Sensitive Ca2+ Nanomodulator Combined with the Sonodynamic Process for Enhanced Cancer Therapy.pdf,nanocrystal,"TiO2, AuS",TiO2,nanocrystal,,,,,,,"intravenous, intraperitoneal, intratumoral, subcutaneous, intramuscular, intracardiac, intradermal",intravenous,,4.0,,0.7999999999999999,14.35,,,,,,no,no,yes,no,no,no,1
An Acidity-Unlocked Magnetic Nanoplatform Enables Self-BoostingROS Generation through Upregulation of Lactate for Imaging-GuidedHighly Specific Chemodynamic Therapy.pdf,nanocrystal,,,nanocrystal,,,,,,,"intravenous, intraperitoneal, intratumoral, subcutaneous, intramuscular, intracardiac, intradermal",intravenous,,,60.0,,160.0,,,,,,no,no,yes,no,no,no,1
MOF-Derived Nanoparticles with Enhanced Acoustical Performance for Efficient Mechano-Sonodynamic Therapy.pdf,nanocrystal,ZnO,ZnO,nanocrystal,,,,,,,"intravenous, intraperitoneal, intratumoral, subcutaneous, intramuscular, intracardiac, intradermal",intravenous,,,1.0833333333333333,,83.63636363636364,,,,,,no,no,yes,no,no,no,1
Charge-reversal nanocarriers: An emerging paradigm for smart cancer nanomedicine.pdf,"nanoparticle, nanocrystal",CuS,CuS,nanoparticle,,,,,,,"intravenous, intraperitoneal, intratumoral, oral, subcutaneous, intramuscular, intracardiac, intradermal",intravenous,,,,,35.0,,,,,,no,no,yes,no,no,no,1
Collagenase-Loaded H-TiO2 Nanoparticles Enhance Ultrasound Imaging-Guided Sonodynamic Therapy in a Pancreatic Carcinoma Xenograft Model via Digesting Stromal Barriers.pdf,"nanoparticle, nanocrystal",TiO2,TiO2,nanoparticle,,,,,pancreatic_cancer,pancreatic_cancer,"intravenous, intraperitoneal, intratumoral, oral, subcutaneous, intramuscular, intracardiac, intradermal",intravenous,12.5,5.0,1.0,1.0,6.461538461538462,2.0,,,,,no,no,yes,no,no,no,1
A STING pathway-activatable contrast agent for MRI-guided tumor immunoferroptosis synergistic therapy .pdf,"nanoparticle, nanocrystal",,,nanoparticle,,,,,,,"intravenous, intraperitoneal, intratumoral, subcutaneous, intramuscular, intracardiac, intradermal",intravenous,3.6818181818181825,,,,34.44444444444444,2.3333333333333335,,,,,no,no,yes,no,no,no,1
Chemiluminescent Conjugated Polymer Nanoparticles for Deep Tissue Inflammation Imaging and Photodynamic Therapy of Cancer.pdf,"nanoparticle, nanocrystal",,,nanoparticle,,,,,,,"intravenous, intraperitoneal, intratumoral, subcutaneous, intramuscular, intracardiac, intradermal",intravenous,,2.0,450.0,,22.5,,,,,,no,no,yes,no,no,no,1
Reverse magnetic resonance tuning nanoplatform with heightened  sensitivity for non-invasively multiscale visualizing ferroptosis-based tumor sensitization therapy.pdf,nanocrystal,,,nanocrystal,,,,,,,"intravenous, intraperitoneal, intratumoral, subcutaneous, intramuscular, intracardiac, intradermal",intravenous,7.5,,,,17.153846153846153,,4.0,,,,no,no,yes,yes,no,no,2
Magnetic Reactive Oxygen Species Nanoreactor for Switchable Magnetic Resonance Imaging Guided Cancer Therapy Based on pH-Sensitive Fe5C2@Fe3O4 Nanoparticles.pdf,"nanoparticle, nanocrystal",,,nanoparticle,,,,,,,"intravenous, intraperitoneal, intratumoral, oral, subcutaneous, intramuscular, intracardiac, intradermal",intravenous,,3.0,,,23.666666666666668,,24.0,,,,no,no,yes,yes,no,no,2
A Turbo-Charging System-Like Contrast Agent forMRI-Guided STING Pathway-Activated CancerImmunotherapy.pdf,"nanoparticle, nanocrystal",AuS,AuS,nanoparticle,,,,,cervical_cancer,cervical_cancer,"intravenous, intraperitoneal, intratumoral, subcutaneous, intramuscular, intracardiac, intradermal",intravenous,,,,,20.0,,717.0,,,,no,no,yes,yes,no,no,2
Degradable and Piezoelectric Hollow ZnO Heterostructures for Sonodynamic Therapy and Pro-Death Autophagy.pdf,,,,,,,,,,,"intravenous, intraperitoneal, intratumoral, subcutaneous, intramuscular, intracardiac, intradermal",intravenous,,,1.0,,5.0,,,,,,no,no,yes,no,no,no,1
2-Nitroimidazole-Functionalized Superparamagnetic Iron Oxide Nanoparticles Detect Hypoxic Regions of Glioblastomas on MRI and Improve Radiotherapy Efficacy.pdf,"nanoparticle, nanocrystal",,,nanoparticle,,,,,,,"intravenous, intraperitoneal, intratumoral, oral, subcutaneous, intramuscular, intracardiac, intradermal",intravenous,,,40.0,,21.666666666666668,,1.0,,,,no,no,yes,yes,no,no,2
Mitochondria-Targeting Magnetic CompositeNanoparticles for Enhanced Phototherapy of Cancer.pdf,nanocrystal,,,nanocrystal,,,,,,,"intravenous, intraperitoneal, intratumoral, subcutaneous, intramuscular, intracardiac, intradermal",intravenous,,,400.0,,11.176470588235293,,,,,,no,no,yes,no,no,no,1
Cascade Catalytic Nanozymes Induce Tumor Ca2+ Overload and Ferroptosis by Reducing Energy Supply and Amplifying Oxidative Stress.pdf,"nanoparticle, nanocrystal",AuS,AuS,nanoparticle,,,,,,,"intravenous, intraperitoneal, intratumoral, oral, subcutaneous, intramuscular, intracardiac, intradermal",intravenous,,2.0,1.0,,11.461538461538462,,,,,,no,no,yes,no,no,no,1
Fe-Cu Bimetallic Nanozyme Co-Assembled with 177 Lu andTanshinone for Quadruple-Synergistic Tumor-SpeciﬁcTherapy.pdf,nanocrystal,AlN,AlN,nanocrystal,,,,,,,"intravenous, intraperitoneal, intratumoral, subcutaneous, intramuscular, intracardiac, intradermal",intravenous,,,,,,,,22.25,77.75,,no,no,no,no,yes,no,1
Tumor Microenvironment-Responsive Cu CaCO3-Based Nanoregulator for Mitochondrial Homeostasis Disruption-Enhanced Chemodynamic Sonodynamic Therapy.pdf,"nanoparticle, nanocrystal",AuS,AuS,nanoparticle,,,,,,,"intravenous, intraperitoneal, intratumoral, oral, subcutaneous, intramuscular, intracardiac, intradermal",intravenous,,2.0,,,22.333333333333332,,,,,,no,no,yes,no,no,no,1
Cascade Energy Transformation in Hybrid Nanosensitizer Enables Ultrasound-Activated  Luminescence Imaging and Enhanced Sonodynamic Therapy.pdf,nanocrystal,NaCl,NaCl,nanocrystal,,,,,,,"intravenous, intraperitoneal, intratumoral, subcutaneous, intramuscular, intracardiac, intradermal",intravenous,,,12.083333333333334,1.2285714285714286,1.9388489208633093,,,,,,no,no,yes,no,no,no,1
Drug-loaded titanium dioxide nanoparticle coated with tumor targeting polymer as a sonodynamic chemotherapeutic agent for anti-cancer therapy.pdf,"nanoparticle, nanocrystal","TiO2, AuS",TiO2,nanoparticle,,,,,,,"intravenous, intraperitoneal, intratumoral, subcutaneous, intramuscular, intracardiac, intradermal",intravenous,2.8333333333333335,,43.041666666666664,,17.0,,,,,,no,no,yes,no,no,no,1
Preparation of TiH1.924 nanodots by liquid-phase exfoliation for enhanced sonodynamic cancer therapy.pdf,,,,,,,,,,,"intravenous, intraperitoneal, intratumoral, subcutaneous, intramuscular, intracardiac, intradermal",intravenous,,,,,6.621621621621622,2.0,,,,,no,no,yes,no,no,no,1
Ultrasound-Induced Piezocatalysis Triggered NO Generation for Enhanced Hypoxic Tumor Therapy.pdf,nanoparticle,"BaTiO3, AlN",BaTiO3,nanoparticle,,,,,,,"intravenous, intraperitoneal, intratumoral, oral, subcutaneous, intramuscular, intracardiac, intradermal",intravenous,10.0,2.0,1.0,1.2037037037037037,9.195652173913043,,,,,,no,no,yes,no,no,no,1
Oxygen-Generating Organic Inorganic Self-Assembled Nanocolloid for Tumor-Activated Dual-Model Imaging-Guided Photodynamic Therapy.pdf,"nanoparticle, nanocrystal",,,nanoparticle,,,,,,,"intravenous, intraperitoneal, intratumoral, subcutaneous, intramuscular, intracardiac, intradermal",intravenous,,3.0,,0.25,15.0,,1.0,,,,no,no,yes,yes,no,no,2
Programmatically Controllable Activation of Sonodynamic Therapeutics with Bioorthogonal-Based Mitochondria-Specific Exogenous Agents toward Accurate Tumor Elimination.pdf,"nanoparticle, nanocrystal",,,nanoparticle,,,,,,,"intravenous, intraperitoneal, intratumoral, oral, subcutaneous, intramuscular, intracardiac, intradermal",intravenous,,3.0,1.0,1.5,9.2,,,,,,no,no,yes,no,no,no,1
A Novel Biodegradable Nanoplatform for Tumor Microenvironments Responsive Bimodal Magnetic Resonance Imaging and Sonodynamic Ion Interference Cascade Therapy.pdf,,,,,,,,,,,"intravenous, intraperitoneal, intratumoral, subcutaneous, intramuscular, intracardiac, intradermal",intravenous,,2.0,1.0,1.1,14.142857142857142,,,,,,no,no,yes,no,no,no,1
A multistage assembly disassembly strategy  fortumor-targeted CO delivery.pdf,nanocrystal,SiO2,SiO2,nanocrystal,,,,,,,"intravenous, intraperitoneal, intratumoral, oral, subcutaneous, intramuscular, intracardiac, intradermal",intravenous,10.0,,400.0,,20.0,,,,,,no,no,yes,no,no,no,1
Integration of IR-808 Sensitized UpconversionNanostructure and MoS 2 Nanosheet for 808 nm NIRLight Triggered Phototherapy and Bioimaging.pdf,"nanoparticle, nanosheet, nanocrystal","SiO2, MoS2",SiO2,nanoparticle,,,,,,,"intravenous, intraperitoneal, intratumoral, oral, subcutaneous, intramuscular, intracardiac, intradermal",intravenous,,,,,13.333333333333334,4.0,,,,,no,no,yes,no,no,no,1
Orally Deliverable Engineered Porphyrin Nanohybrids Activate the cGAS-STING Axis and Enable Fusobacterium-Specific Targeting for Robust Immune Remodeling and Colorectal Cancer Regression.pdf,nanocrystal,,,nanocrystal,,,,,colon_cancer,colon_cancer,"intravenous, intraperitoneal, intratumoral, oral, subcutaneous, intramuscular, intracardiac, intradermal",intravenous,,,1.0,1.0,4.625,,,,,,no,no,yes,no,no,no,1
Bimetallic Cu@Ru Core-Shell Structures with Ligand Effects for Endo-Exogenous Stimulation-Mediated Dynamic Oncotherapy.pdf,"nanoparticle, nanocrystal",,,nanoparticle,,,,,,,"intravenous, intraperitoneal, intratumoral, subcutaneous, intramuscular, intracardiac, intradermal",intravenous,,,,,100.0,,,,,,no,no,yes,no,no,no,1
Carbon Nitride Hollow Theranostic Nanoregulators Executing Laser-Activatable Water Splitting for Enhanced Ultrasound Fluorescence Imaging and Cooperative Phototherapy.pdf,"nanoparticle, nanosphere, nanocrystal","SiO2, AuS",SiO2,nanoparticle,,,,,,,"intravenous, intraperitoneal, intratumoral, oral, subcutaneous, intramuscular, intracardiac, intradermal",intravenous,15.0,,,1.15,27.291666666666668,,,,,,no,no,yes,no,no,no,1
Free-Radical Cascade Generated by AIPH Fe3O4-Coloaded Nanoparticles Enhances MRI-Guided Chemo Thermodynamic Hypoxic Tumor Therapy.pdf,"nanoparticle, nanocrystal",AuS,AuS,nanoparticle,,,,,,,"intravenous, intraperitoneal, intratumoral, subcutaneous, intramuscular, intracardiac, intradermal",intravenous,6.0,,,2.5,10.0,,,,,,no,no,yes,no,no,no,1
Enhanced Antitumor Efficacy by a Cascade of Reactive OxygenSpecies Generation and Drug Release.pdf,nanocrystal,,,nanocrystal,,,,,,,"intravenous, intraperitoneal, intratumoral, subcutaneous, intramuscular, intracardiac, intradermal",intravenous,,,,,,,,,,,no,no,no,no,no,no,0
Acoustically Driven Hybrid Nanocrystals for In Vivo Pancreatic Cancer Treatment.pdf,"nanoparticle, nanocrystal",ZnO,ZnO,nanoparticle,,,,,,,"intravenous, intraperitoneal, intratumoral, oral, subcutaneous, intramuscular, intracardiac, intradermal",intravenous,30.0,,1.0,1.186666666666667,10.153846153846153,,,,,,no,no,yes,no,no,no,1
Advanced Nanoplatform Mediated by  CRISPR-Cas9 and Aggregation-Induced Emission  Photosensitizers to Boost Cancer Theranostics .pdf,nanocrystal,,,nanocrystal,,,,,,,"intravenous, intraperitoneal, intratumoral, subcutaneous, intramuscular, intracardiac, intradermal",intravenous,,,,0.35,8.0,,,,,,no,no,yes,no,no,no,1
Ultrasmall Magneto-chiral Cobalt Hydroxide Nanoparticles Enable Dynamic Detection of Reactive Oxygen Species in Vivo.pdf,"nanoparticle, nanocrystal",,,nanoparticle,,,,,,,"intravenous, intraperitoneal, intratumoral, subcutaneous, intramuscular, intracardiac, intradermal",intravenous,23.333333333333332,,,,60.0,,,,,,no,no,yes,no,no,no,1
Liquid Nanoparticles for Nanocatalytic Cancer Therapy.pdf,"nanoparticle, nanocrystal",SiO2,SiO2,nanoparticle,,,,,,,"intravenous, intraperitoneal, intratumoral, oral, subcutaneous, intramuscular, intracardiac, intradermal",intravenous,,3.0,,,58.72727272727273,,,,,,no,no,yes,no,no,no,1
Sequential Ultrasound-Triggered and Hypoxia- Sensitive Nanoprodrug for Cascade Amplification of Sonochemotherapy.pdf,"nanoparticle, nanocrystal","CuO, AuS",CuO,nanoparticle,,,,,,,"intravenous, intraperitoneal, intratumoral, subcutaneous, intramuscular, intracardiac, intradermal",intravenous,,4.0,325.0,,11.416666666666666,,,,,,no,no,yes,no,no,no,1
Ultrasound-Triggered Nanogel Boosts Chemotherapy and Immunomodulation in Colorectal Cancer.pdf,nanocrystal,AuS,AuS,nanocrystal,,,,,colon_cancer,colon_cancer,"intravenous, intraperitoneal, intratumoral, oral, subcutaneous, intramuscular, intracardiac, intradermal",intravenous,1.875,3.0,1.5,1.0,12.777777777777779,,,,,,no,no,yes,no,no,no,1
Porous Molybdenum Nitride Nanosphere as Carrier-Free and Efficient Nitric Oxide Donor for Synergistic Nitric Oxide and Chemo Sonodynamic Therapy.pdf,"nanosphere, nanocrystal",AlN,AlN,nanosphere,,,,,,,"intravenous, intraperitoneal, intratumoral, subcutaneous, intramuscular, intracardiac, intradermal",intravenous,,2.0,1.0,1.1111111111111112,14.476190476190476,,,,,,no,no,yes,no,no,no,1
Highly Emissive Dye-Sensitized Upconversion Nanostructure for Dual-Photosensitizer Photodynamic Therapy and Bioimaging.pdf,"nanoparticle, nanocrystal",SiO2,SiO2,nanoparticle,,,,,,,"intravenous, intraperitoneal, intratumoral, oral, subcutaneous, intramuscular, intracardiac, intradermal",intravenous,,2.0,,,12.0,4.0,,,,,no,no,yes,no,no,no,1
"Engineering nanozyme immunomodulator
with magnetic targeting effect for cascade enzyodynamic and ultrasound-reinforced metallo-immunotherapy in prostate carcinoma.pdf","nanoparticle, nanocrystal",,,nanoparticle,,,,,,,"intravenous, intraperitoneal, intratumoral, oral, subcutaneous, intramuscular, intracardiac, intradermal",intravenous,,,1.0,,11.538461538461538,16.0,,,,,no,no,yes,no,no,no,1
A Highly Water-Soluble Aggregation-Induced Emission Luminogen with Anion-π+ Interactions for Targeted NIR Imaging of Cancer Cells and Type I Photodynamic Therapy.pdf,"nanoparticle, nanocrystal",,,nanoparticle,,,,,,,"intravenous, intraperitoneal, intratumoral, subcutaneous, intramuscular, intracardiac, intradermal",intravenous,,6.0,,,24.0625,,,,,,no,no,yes,no,no,no,1
CuS-MnS2 nano-flowers for magnetic resonance imaging guided photothermal photodynamic therapy of ovarian cancer through necroptosis.pdf,nanocrystal,"CuS, PtS",CuS,nanocrystal,,,,,ovarian_cancer,ovarian_cancer,"intravenous, intraperitoneal, intratumoral, oral, subcutaneous, intramuscular, intracardiac, intradermal",intravenous,5.0,,,1.3571428571428572,9.777777777777779,,,,,,no,no,yes,no,no,no,1
Nano .pdf,"nanoparticle, nanosheet, nanocrystal","ZnO, AuS",ZnO,nanoparticle,,,,,cervical_cancer,cervical_cancer,"intravenous, intraperitoneal, intratumoral, subcutaneous, intramuscular, intracardiac, intradermal",intravenous,,,,,,,5.0,,,,no,no,no,yes,no,no,1
Hydrogen Peroxide-Activatable Nanoparticles for Luminescence Imaging and In Situ Triggerable Photodynamic Therapy of Cancer.pdf,"nanoparticle, nanocrystal",,,nanoparticle,,,,,,,"intravenous, intraperitoneal, intratumoral, oral, subcutaneous, intramuscular, intracardiac, intradermal",intravenous,18.526315789473685,3.0,600.0,,23.333333333333332,,,,,,no,no,yes,no,no,no,1
Endogenous tumor microenvironment-responsive multifunctional nanoplatforms for precision cancer theranostics.pdf,"nanoparticle, nanocrystal","CuS, AuS",CuS,nanoparticle,,,,,,,"intravenous, intraperitoneal, intratumoral, oral, subcutaneous, intramuscular, intracardiac, intradermal",intravenous,2.5,,,0.5333333333333333,15.428571428571429,213529.0,,70.12,29.879999999999995,,no,no,yes,no,yes,no,2
Near infra-red luminescent osmium labelled gold nanoparticles for cellular imaging and singlet oxygen generation.pdf,"nanoparticle, nanocrystal",,,nanoparticle,,,,,,,"intravenous, intraperitoneal, intratumoral, subcutaneous, intramuscular, intracardiac, intradermal",intravenous,,,400.0,,17.88888888888889,,,,,,no,no,yes,no,no,no,1
Spatiotemporal Charging Single-Atom Nanozymes Activated Pyroptosis for Antitumor Immunotherapy via Bioorthogonal Disruption of Succination and Reinvigorating T Lymphocytes.pdf,nanocrystal,RuS,RuS,nanocrystal,,,,,,,"intravenous, intraperitoneal, intratumoral, oral, subcutaneous, intramuscular, intracardiac, intradermal",intravenous,,,,,20.0,,,,,,no,no,yes,no,no,no,1
All-in-One Theranostic Nanomedicine with Ultrabright Second Near-Infrared Emission for Tumor-Modulated Bioimaging and Chemodynamic Photodynamic Therapy.pdf,nanocrystal,,,nanocrystal,,,,,,,"intravenous, intraperitoneal, intratumoral, oral, subcutaneous, intramuscular, intracardiac, intradermal",intravenous,20.0,2.0,,0.5,13.461538461538462,,,,,,no,no,yes,no,no,no,1
Upconverted Metal–Organic Framework Janus Architecture for Near-Infrared and Ultrasound Co-Enhanced High Performance Tumor Therapy.pdf,"nanoparticle, nanocrystal",,,nanoparticle,,,,,,,"intravenous, intraperitoneal, intratumoral, subcutaneous, intramuscular, intracardiac, intradermal",intravenous,,,1.0,,56.46666666666667,1.0,,,,,no,no,yes,no,no,no,1
Ultrasound-Triggered Nanoparticles Induce Cuproptosis forEnhancing Immunogenic Sonodynamic Therapy.pdf,"nanoparticle, nanocrystal",,,nanoparticle,,,,,,,"intravenous, intraperitoneal, intratumoral, oral, subcutaneous, intramuscular, intracardiac, intradermal",intravenous,,,1.0,,2.5238095238095237,,,,,,no,no,yes,no,no,no,1
Graphene Oxide-Grafted Magnetic Nanorings Mediated Magnetothermodynamic Therapy Favoring Reactive Oxygen Species-Related Immune Response for Enhanced Antitumor Efficacy.pdf,"nanoparticle, nanocrystal",,,nanoparticle,,,,,breast_cancer,breast_cancer,"intravenous, intraperitoneal, intratumoral, oral, subcutaneous, intramuscular, intracardiac, intradermal",intravenous,8.0,,,,14.545454545454545,,,,,,no,no,yes,no,no,no,1
External stimuli-triggered photodynamic and sonodynamic therapies in combination with hybrid nanomicelles of ICG@PEP@HA: laser vs. ultrasound.pdf,nanocrystal,,,nanocrystal,,,,,,,"intravenous, intraperitoneal, intratumoral, subcutaneous, intramuscular, intracardiac, intradermal",intravenous,,2.0,1.0,,6.821428571428571,,,,,,no,no,yes,no,no,no,1
Dual-function nanosystem for synergetic cancer chemo-radiotherapy through ROS-mediated signaling pathways.pdf,"nanoparticle, nanocrystal",SiO2,SiO2,nanoparticle,,,,,cervical_cancer,cervical_cancer,"intravenous, intraperitoneal, intratumoral, subcutaneous, intramuscular, intracardiac, intradermal",intravenous,101.5,,,,,,,,,,no,no,no,no,no,no,0
Renal-Clearable Metalloporphyrin Complex-Based Nanosonosensitizers Using Photoacoustic Imaging Guiding to Enhance Sonodynamic Cancer Therapy.pdf,nanocrystal,"CuS, RuS",CuS,nanocrystal,,,,,lung_cancer,lung_cancer,"intravenous, intraperitoneal, intratumoral, oral, subcutaneous, intramuscular, intracardiac, intradermal",intravenous,10.0,2.0,1.0,1.0,11.241379310344827,2.0,,,,,no,no,yes,no,no,no,1
Transformable Nanosensitizer with Tumor Microenvironment-Activated Sonodynamic Process and Calcium Release for EnhancedCancer Immunotherapy.pdf,nanocrystal,TiO2,TiO2,nanocrystal,,,,,,,"intravenous, intraperitoneal, intratumoral, oral, subcutaneous, intramuscular, intracardiac, intradermal",intravenous,,,3.0,,10.0,1.0,,,,,no,no,yes,no,no,no,1
Endogenous mRNA Triggered DNA-Au Nanomachine for In SituImaging and Targeted Multimodal Synergistic Cancer Therapy.pdf,"nanoparticle, nanocrystal",,,nanoparticle,,,,,"breast_cancer, cervical_cancer",breast_cancer,"intravenous, intraperitoneal, intratumoral, subcutaneous, intramuscular, intracardiac, intradermal",intravenous,,,,,10.0,,,,,,no,no,yes,no,no,no,1
Antimony Component Schottky Nanoheterojunctions as Ultrasound-Heightened Pyroptosis Initiators for Sonocatalytic Immunotherapy.pdf,nanocrystal,,,nanocrystal,,,,,,,"intravenous, intraperitoneal, intratumoral, subcutaneous, intramuscular, intracardiac, intradermal",intravenous,5.0,,,3.0,10.0,1.0,,,,,no,no,yes,no,no,no,1
Biodegradable fluorescent nanohybrid for photo-driven tumor diagnosis and tumor growth inhibition .pdf,"nanoparticle, nanocrystal",,,nanoparticle,,,,,,,"intravenous, intraperitoneal, intratumoral, oral, subcutaneous, intramuscular, intracardiac, intradermal",intravenous,10.0,,,,5.0,,,,,,no,no,yes,no,no,no,1
Intracellular ROS Induction by Ag@ZnO Core−Shell Nanoparticles: Frontiers of Permanent Optically Active Holes in Breast Cancer Theranostic.pdf,"nanoparticle, nanocrystal",ZnO,ZnO,nanoparticle,,,,,breast_cancer,breast_cancer,"intravenous, intraperitoneal, intratumoral, subcutaneous, intramuscular, intracardiac, intradermal",intravenous,,5.0,,,,,231.0,,,,no,no,no,yes,no,no,1
